timestamp,fear_greed,date,google_trends_btc
2021-02-22 00:00:00+00:00,94.0,2021-02-22,
2021-02-23 00:00:00+00:00,94.0,2021-02-23,
2021-02-24 00:00:00+00:00,76.0,2021-02-24,
2021-02-25 00:00:00+00:00,79.0,2021-02-25,
2021-02-26 00:00:00+00:00,55.0,2021-02-26,
2021-02-27 00:00:00+00:00,56.0,2021-02-27,
2021-02-28 00:00:00+00:00,55.0,2021-02-28,50.0
2021-03-01 00:00:00+00:00,38.0,2021-03-01,50.0
2021-03-02 00:00:00+00:00,78.0,2021-03-02,50.0
2021-03-03 00:00:00+00:00,78.0,2021-03-03,50.0
2021-03-04 00:00:00+00:00,84.0,2021-03-04,50.0
2021-03-05 00:00:00+00:00,77.0,2021-03-05,50.0
2021-03-06 00:00:00+00:00,77.0,2021-03-06,50.0
2021-03-07 00:00:00+00:00,76.0,2021-03-07,49.0
2021-03-08 00:00:00+00:00,81.0,2021-03-08,49.0
2021-03-09 00:00:00+00:00,81.0,2021-03-09,49.0
2021-03-10 00:00:00+00:00,68.0,2021-03-10,49.0
2021-03-11 00:00:00+00:00,73.0,2021-03-11,49.0
2021-03-12 00:00:00+00:00,70.0,2021-03-12,49.0
2021-03-13 00:00:00+00:00,74.0,2021-03-13,49.0
2021-03-14 00:00:00+00:00,78.0,2021-03-14,51.0
2021-03-15 00:00:00+00:00,76.0,2021-03-15,51.0
2021-03-16 00:00:00+00:00,71.0,2021-03-16,51.0
2021-03-17 00:00:00+00:00,71.0,2021-03-17,51.0
2021-03-18 00:00:00+00:00,72.0,2021-03-18,51.0
2021-03-19 00:00:00+00:00,71.0,2021-03-19,51.0
2021-03-20 00:00:00+00:00,75.0,2021-03-20,51.0
2021-03-21 00:00:00+00:00,73.0,2021-03-21,41.0
2021-03-22 00:00:00+00:00,70.0,2021-03-22,41.0
2021-03-23 00:00:00+00:00,66.0,2021-03-23,41.0
2021-03-24 00:00:00+00:00,65.0,2021-03-24,41.0
2021-03-25 00:00:00+00:00,60.0,2021-03-25,41.0
2021-03-26 00:00:00+00:00,54.0,2021-03-26,41.0
2021-03-27 00:00:00+00:00,65.0,2021-03-27,41.0
2021-03-28 00:00:00+00:00,74.0,2021-03-28,44.0
2021-03-29 00:00:00+00:00,72.0,2021-03-29,44.0
2021-03-30 00:00:00+00:00,72.0,2021-03-30,44.0
2021-03-31 00:00:00+00:00,76.0,2021-03-31,44.0
2021-04-01 00:00:00+00:00,74.0,2021-04-01,44.0
2021-04-02 00:00:00+00:00,74.0,2021-04-02,44.0
2021-04-03 00:00:00+00:00,73.0,2021-04-03,44.0
2021-04-04 00:00:00+00:00,74.0,2021-04-04,40.0
2021-04-05 00:00:00+00:00,71.0,2021-04-05,40.0
2021-04-06 00:00:00+00:00,75.0,2021-04-06,40.0
2021-04-07 00:00:00+00:00,72.0,2021-04-07,40.0
2021-04-08 00:00:00+00:00,73.0,2021-04-08,40.0
2021-04-09 00:00:00+00:00,70.0,2021-04-09,40.0
2021-04-10 00:00:00+00:00,70.0,2021-04-10,40.0
2021-04-11 00:00:00+00:00,76.0,2021-04-11,52.0
2021-04-12 00:00:00+00:00,74.0,2021-04-12,52.0
2021-04-13 00:00:00+00:00,74.0,2021-04-13,52.0
2021-04-14 00:00:00+00:00,75.0,2021-04-14,52.0
2021-04-15 00:00:00+00:00,79.0,2021-04-15,52.0
2021-04-16 00:00:00+00:00,78.0,2021-04-16,52.0
2021-04-17 00:00:00+00:00,76.0,2021-04-17,52.0
2021-04-18 00:00:00+00:00,79.0,2021-04-18,67.0
2021-04-19 00:00:00+00:00,74.0,2021-04-19,67.0
2021-04-20 00:00:00+00:00,73.0,2021-04-20,67.0
2021-04-21 00:00:00+00:00,73.0,2021-04-21,67.0
2021-04-22 00:00:00+00:00,65.0,2021-04-22,67.0
2021-04-23 00:00:00+00:00,55.0,2021-04-23,67.0
2021-04-24 00:00:00+00:00,37.0,2021-04-24,67.0
2021-04-25 00:00:00+00:00,31.0,2021-04-25,49.0
2021-04-26 00:00:00+00:00,27.0,2021-04-26,49.0
2021-04-27 00:00:00+00:00,50.0,2021-04-27,49.0
2021-04-28 00:00:00+00:00,59.0,2021-04-28,49.0
2021-04-29 00:00:00+00:00,52.0,2021-04-29,49.0
2021-04-30 00:00:00+00:00,51.0,2021-04-30,49.0
2021-05-01 00:00:00+00:00,68.0,2021-05-01,49.0
2021-05-02 00:00:00+00:00,66.0,2021-05-02,42.0
2021-05-03 00:00:00+00:00,61.0,2021-05-03,42.0
2021-05-04 00:00:00+00:00,68.0,2021-05-04,42.0
2021-05-05 00:00:00+00:00,48.0,2021-05-05,42.0
2021-05-06 00:00:00+00:00,65.0,2021-05-06,42.0
2021-05-07 00:00:00+00:00,64.0,2021-05-07,42.0
2021-05-08 00:00:00+00:00,67.0,2021-05-08,42.0
2021-05-09 00:00:00+00:00,73.0,2021-05-09,57.0
2021-05-10 00:00:00+00:00,72.0,2021-05-10,57.0
2021-05-11 00:00:00+00:00,61.0,2021-05-11,57.0
2021-05-12 00:00:00+00:00,68.0,2021-05-12,57.0
2021-05-13 00:00:00+00:00,31.0,2021-05-13,57.0
2021-05-14 00:00:00+00:00,26.0,2021-05-14,57.0
2021-05-15 00:00:00+00:00,27.0,2021-05-15,57.0
2021-05-16 00:00:00+00:00,20.0,2021-05-16,100.0
2021-05-17 00:00:00+00:00,27.0,2021-05-17,100.0
2021-05-18 00:00:00+00:00,21.0,2021-05-18,100.0
2021-05-19 00:00:00+00:00,23.0,2021-05-19,100.0
2021-05-20 00:00:00+00:00,11.0,2021-05-20,100.0
2021-05-21 00:00:00+00:00,19.0,2021-05-21,100.0
2021-05-22 00:00:00+00:00,12.0,2021-05-22,100.0
2021-05-23 00:00:00+00:00,14.0,2021-05-23,66.0
2021-05-24 00:00:00+00:00,10.0,2021-05-24,66.0
2021-05-25 00:00:00+00:00,22.0,2021-05-25,66.0
2021-05-26 00:00:00+00:00,22.0,2021-05-26,66.0
2021-05-27 00:00:00+00:00,27.0,2021-05-27,66.0
2021-05-28 00:00:00+00:00,21.0,2021-05-28,66.0
2021-05-29 00:00:00+00:00,18.0,2021-05-29,66.0
2021-05-30 00:00:00+00:00,10.0,2021-05-30,48.0
2021-05-31 00:00:00+00:00,18.0,2021-05-31,48.0
2021-06-01 00:00:00+00:00,20.0,2021-06-01,48.0
2021-06-02 00:00:00+00:00,23.0,2021-06-02,48.0
2021-06-03 00:00:00+00:00,24.0,2021-06-03,48.0
2021-06-04 00:00:00+00:00,27.0,2021-06-04,48.0
2021-06-05 00:00:00+00:00,24.0,2021-06-05,48.0
2021-06-06 00:00:00+00:00,17.0,2021-06-06,52.0
2021-06-07 00:00:00+00:00,15.0,2021-06-07,52.0
2021-06-08 00:00:00+00:00,13.0,2021-06-08,52.0
2021-06-09 00:00:00+00:00,14.0,2021-06-09,52.0
2021-06-10 00:00:00+00:00,21.0,2021-06-10,52.0
2021-06-11 00:00:00+00:00,21.0,2021-06-11,52.0
2021-06-12 00:00:00+00:00,28.0,2021-06-12,52.0
2021-06-13 00:00:00+00:00,23.0,2021-06-13,40.0
2021-06-14 00:00:00+00:00,28.0,2021-06-14,40.0
2021-06-15 00:00:00+00:00,38.0,2021-06-15,40.0
2021-06-16 00:00:00+00:00,33.0,2021-06-16,40.0
2021-06-17 00:00:00+00:00,26.0,2021-06-17,40.0
2021-06-18 00:00:00+00:00,25.0,2021-06-18,40.0
2021-06-19 00:00:00+00:00,23.0,2021-06-19,40.0
2021-06-20 00:00:00+00:00,21.0,2021-06-20,48.0
2021-06-21 00:00:00+00:00,23.0,2021-06-21,48.0
2021-06-22 00:00:00+00:00,10.0,2021-06-22,48.0
2021-06-23 00:00:00+00:00,14.0,2021-06-23,48.0
2021-06-24 00:00:00+00:00,22.0,2021-06-24,48.0
2021-06-25 00:00:00+00:00,27.0,2021-06-25,48.0
2021-06-26 00:00:00+00:00,20.0,2021-06-26,48.0
2021-06-27 00:00:00+00:00,22.0,2021-06-27,34.0
2021-06-28 00:00:00+00:00,25.0,2021-06-28,34.0
2021-06-29 00:00:00+00:00,25.0,2021-06-29,34.0
2021-06-30 00:00:00+00:00,28.0,2021-06-30,34.0
2021-07-01 00:00:00+00:00,28.0,2021-07-01,34.0
2021-07-02 00:00:00+00:00,21.0,2021-07-02,34.0
2021-07-03 00:00:00+00:00,24.0,2021-07-03,34.0
2021-07-04 00:00:00+00:00,27.0,2021-07-04,28.0
2021-07-05 00:00:00+00:00,29.0,2021-07-05,28.0
2021-07-06 00:00:00+00:00,20.0,2021-07-06,28.0
2021-07-07 00:00:00+00:00,28.0,2021-07-07,28.0
2021-07-08 00:00:00+00:00,20.0,2021-07-08,28.0
2021-07-09 00:00:00+00:00,20.0,2021-07-09,28.0
2021-07-10 00:00:00+00:00,20.0,2021-07-10,28.0
2021-07-11 00:00:00+00:00,20.0,2021-07-11,28.0
2021-07-12 00:00:00+00:00,25.0,2021-07-12,28.0
2021-07-13 00:00:00+00:00,20.0,2021-07-13,28.0
2021-07-14 00:00:00+00:00,21.0,2021-07-14,28.0
2021-07-15 00:00:00+00:00,20.0,2021-07-15,28.0
2021-07-16 00:00:00+00:00,22.0,2021-07-16,28.0
2021-07-17 00:00:00+00:00,15.0,2021-07-17,28.0
2021-07-18 00:00:00+00:00,19.0,2021-07-18,32.0
2021-07-19 00:00:00+00:00,24.0,2021-07-19,32.0
2021-07-20 00:00:00+00:00,19.0,2021-07-20,32.0
2021-07-21 00:00:00+00:00,10.0,2021-07-21,32.0
2021-07-22 00:00:00+00:00,21.0,2021-07-22,32.0
2021-07-23 00:00:00+00:00,23.0,2021-07-23,32.0
2021-07-24 00:00:00+00:00,22.0,2021-07-24,32.0
2021-07-25 00:00:00+00:00,27.0,2021-07-25,35.0
2021-07-26 00:00:00+00:00,26.0,2021-07-26,35.0
2021-07-27 00:00:00+00:00,32.0,2021-07-27,35.0
2021-07-28 00:00:00+00:00,50.0,2021-07-28,35.0
2021-07-29 00:00:00+00:00,50.0,2021-07-29,35.0
2021-07-30 00:00:00+00:00,53.0,2021-07-30,35.0
2021-07-31 00:00:00+00:00,60.0,2021-07-31,35.0
2021-08-01 00:00:00+00:00,60.0,2021-08-01,30.0
2021-08-02 00:00:00+00:00,48.0,2021-08-02,30.0
2021-08-03 00:00:00+00:00,48.0,2021-08-03,30.0
2021-08-04 00:00:00+00:00,42.0,2021-08-04,30.0
2021-08-05 00:00:00+00:00,50.0,2021-08-05,30.0
2021-08-06 00:00:00+00:00,52.0,2021-08-06,30.0
2021-08-07 00:00:00+00:00,69.0,2021-08-07,30.0
2021-08-08 00:00:00+00:00,74.0,2021-08-08,34.0
2021-08-09 00:00:00+00:00,65.0,2021-08-09,34.0
2021-08-10 00:00:00+00:00,71.0,2021-08-10,34.0
2021-08-11 00:00:00+00:00,70.0,2021-08-11,34.0
2021-08-12 00:00:00+00:00,70.0,2021-08-12,34.0
2021-08-13 00:00:00+00:00,70.0,2021-08-13,34.0
2021-08-14 00:00:00+00:00,76.0,2021-08-14,34.0
2021-08-15 00:00:00+00:00,71.0,2021-08-15,32.0
2021-08-16 00:00:00+00:00,72.0,2021-08-16,32.0
2021-08-17 00:00:00+00:00,72.0,2021-08-17,32.0
2021-08-18 00:00:00+00:00,73.0,2021-08-18,32.0
2021-08-19 00:00:00+00:00,70.0,2021-08-19,32.0
2021-08-20 00:00:00+00:00,70.0,2021-08-20,32.0
2021-08-21 00:00:00+00:00,78.0,2021-08-21,32.0
2021-08-22 00:00:00+00:00,76.0,2021-08-22,31.0
2021-08-23 00:00:00+00:00,79.0,2021-08-23,31.0
2021-08-24 00:00:00+00:00,79.0,2021-08-24,31.0
2021-08-25 00:00:00+00:00,73.0,2021-08-25,31.0
2021-08-26 00:00:00+00:00,75.0,2021-08-26,31.0
2021-08-27 00:00:00+00:00,71.0,2021-08-27,31.0
2021-08-28 00:00:00+00:00,78.0,2021-08-28,31.0
2021-08-29 00:00:00+00:00,72.0,2021-08-29,28.0
2021-08-30 00:00:00+00:00,73.0,2021-08-30,28.0
2021-08-31 00:00:00+00:00,73.0,2021-08-31,28.0
2021-09-01 00:00:00+00:00,71.0,2021-09-01,28.0
2021-09-02 00:00:00+00:00,74.0,2021-09-02,28.0
2021-09-03 00:00:00+00:00,74.0,2021-09-03,28.0
2021-09-04 00:00:00+00:00,72.0,2021-09-04,28.0
2021-09-05 00:00:00+00:00,73.0,2021-09-05,36.0
2021-09-06 00:00:00+00:00,79.0,2021-09-06,36.0
2021-09-07 00:00:00+00:00,79.0,2021-09-07,36.0
2021-09-08 00:00:00+00:00,47.0,2021-09-08,36.0
2021-09-09 00:00:00+00:00,45.0,2021-09-09,36.0
2021-09-10 00:00:00+00:00,46.0,2021-09-10,36.0
2021-09-11 00:00:00+00:00,31.0,2021-09-11,36.0
2021-09-12 00:00:00+00:00,32.0,2021-09-12,26.0
2021-09-13 00:00:00+00:00,44.0,2021-09-13,26.0
2021-09-14 00:00:00+00:00,30.0,2021-09-14,26.0
2021-09-15 00:00:00+00:00,49.0,2021-09-15,26.0
2021-09-16 00:00:00+00:00,53.0,2021-09-16,26.0
2021-09-17 00:00:00+00:00,48.0,2021-09-17,26.0
2021-09-18 00:00:00+00:00,50.0,2021-09-18,26.0
2021-09-19 00:00:00+00:00,53.0,2021-09-19,33.0
2021-09-20 00:00:00+00:00,50.0,2021-09-20,33.0
2021-09-21 00:00:00+00:00,27.0,2021-09-21,33.0
2021-09-22 00:00:00+00:00,21.0,2021-09-22,33.0
2021-09-23 00:00:00+00:00,27.0,2021-09-23,33.0
2021-09-24 00:00:00+00:00,33.0,2021-09-24,33.0
2021-09-25 00:00:00+00:00,28.0,2021-09-25,33.0
2021-09-26 00:00:00+00:00,27.0,2021-09-26,27.0
2021-09-27 00:00:00+00:00,26.0,2021-09-27,27.0
2021-09-28 00:00:00+00:00,25.0,2021-09-28,27.0
2021-09-29 00:00:00+00:00,24.0,2021-09-29,27.0
2021-09-30 00:00:00+00:00,20.0,2021-09-30,27.0
2021-10-01 00:00:00+00:00,27.0,2021-10-01,27.0
2021-10-02 00:00:00+00:00,54.0,2021-10-02,27.0
2021-10-03 00:00:00+00:00,49.0,2021-10-03,32.0
2021-10-04 00:00:00+00:00,54.0,2021-10-04,32.0
2021-10-05 00:00:00+00:00,59.0,2021-10-05,32.0
2021-10-06 00:00:00+00:00,68.0,2021-10-06,32.0
2021-10-07 00:00:00+00:00,76.0,2021-10-07,32.0
2021-10-08 00:00:00+00:00,74.0,2021-10-08,32.0
2021-10-09 00:00:00+00:00,72.0,2021-10-09,32.0
2021-10-10 00:00:00+00:00,71.0,2021-10-10,37.0
2021-10-11 00:00:00+00:00,71.0,2021-10-11,37.0
2021-10-12 00:00:00+00:00,78.0,2021-10-12,37.0
2021-10-13 00:00:00+00:00,70.0,2021-10-13,37.0
2021-10-14 00:00:00+00:00,70.0,2021-10-14,37.0
2021-10-15 00:00:00+00:00,71.0,2021-10-15,37.0
2021-10-16 00:00:00+00:00,78.0,2021-10-16,37.0
2021-10-17 00:00:00+00:00,79.0,2021-10-17,44.0
2021-10-18 00:00:00+00:00,78.0,2021-10-18,44.0
2021-10-19 00:00:00+00:00,75.0,2021-10-19,44.0
2021-10-20 00:00:00+00:00,82.0,2021-10-20,44.0
2021-10-21 00:00:00+00:00,84.0,2021-10-21,44.0
2021-10-22 00:00:00+00:00,75.0,2021-10-22,44.0
2021-10-23 00:00:00+00:00,74.0,2021-10-23,44.0
2021-10-24 00:00:00+00:00,73.0,2021-10-24,35.0
2021-10-25 00:00:00+00:00,72.0,2021-10-25,35.0
2021-10-26 00:00:00+00:00,76.0,2021-10-26,35.0
2021-10-27 00:00:00+00:00,73.0,2021-10-27,35.0
2021-10-28 00:00:00+00:00,66.0,2021-10-28,35.0
2021-10-29 00:00:00+00:00,70.0,2021-10-29,35.0
2021-10-30 00:00:00+00:00,73.0,2021-10-30,35.0
2021-10-31 00:00:00+00:00,74.0,2021-10-31,29.0
2021-11-01 00:00:00+00:00,74.0,2021-11-01,29.0
2021-11-02 00:00:00+00:00,73.0,2021-11-02,29.0
2021-11-03 00:00:00+00:00,76.0,2021-11-03,29.0
2021-11-04 00:00:00+00:00,73.0,2021-11-04,29.0
2021-11-05 00:00:00+00:00,73.0,2021-11-05,29.0
2021-11-06 00:00:00+00:00,71.0,2021-11-06,29.0
2021-11-07 00:00:00+00:00,73.0,2021-11-07,36.0
2021-11-08 00:00:00+00:00,75.0,2021-11-08,36.0
2021-11-09 00:00:00+00:00,84.0,2021-11-09,36.0
2021-11-10 00:00:00+00:00,75.0,2021-11-10,36.0
2021-11-11 00:00:00+00:00,77.0,2021-11-11,36.0
2021-11-12 00:00:00+00:00,74.0,2021-11-12,36.0
2021-11-13 00:00:00+00:00,72.0,2021-11-13,36.0
2021-11-14 00:00:00+00:00,74.0,2021-11-14,36.0
2021-11-15 00:00:00+00:00,72.0,2021-11-15,36.0
2021-11-16 00:00:00+00:00,71.0,2021-11-16,36.0
2021-11-17 00:00:00+00:00,52.0,2021-11-17,36.0
2021-11-18 00:00:00+00:00,54.0,2021-11-18,36.0
2021-11-19 00:00:00+00:00,34.0,2021-11-19,36.0
2021-11-20 00:00:00+00:00,43.0,2021-11-20,36.0
2021-11-21 00:00:00+00:00,49.0,2021-11-21,34.0
2021-11-22 00:00:00+00:00,50.0,2021-11-22,34.0
2021-11-23 00:00:00+00:00,33.0,2021-11-23,34.0
2021-11-24 00:00:00+00:00,42.0,2021-11-24,34.0
2021-11-25 00:00:00+00:00,32.0,2021-11-25,34.0
2021-11-26 00:00:00+00:00,47.0,2021-11-26,34.0
2021-11-27 00:00:00+00:00,21.0,2021-11-27,34.0
2021-11-28 00:00:00+00:00,27.0,2021-11-28,35.0
2021-11-29 00:00:00+00:00,33.0,2021-11-29,35.0
2021-11-30 00:00:00+00:00,40.0,2021-11-30,35.0
2021-12-01 00:00:00+00:00,34.0,2021-12-01,35.0
2021-12-02 00:00:00+00:00,32.0,2021-12-02,35.0
2021-12-03 00:00:00+00:00,31.0,2021-12-03,35.0
2021-12-04 00:00:00+00:00,25.0,2021-12-04,35.0
2021-12-05 00:00:00+00:00,18.0,2021-12-05,38.0
2021-12-06 00:00:00+00:00,16.0,2021-12-06,38.0
2021-12-07 00:00:00+00:00,25.0,2021-12-07,38.0
2021-12-08 00:00:00+00:00,28.0,2021-12-08,38.0
2021-12-09 00:00:00+00:00,29.0,2021-12-09,38.0
2021-12-10 00:00:00+00:00,24.0,2021-12-10,38.0
2021-12-11 00:00:00+00:00,16.0,2021-12-11,38.0
2021-12-12 00:00:00+00:00,27.0,2021-12-12,34.0
2021-12-13 00:00:00+00:00,28.0,2021-12-13,34.0
2021-12-14 00:00:00+00:00,21.0,2021-12-14,34.0
2021-12-15 00:00:00+00:00,28.0,2021-12-15,34.0
2021-12-16 00:00:00+00:00,29.0,2021-12-16,34.0
2021-12-17 00:00:00+00:00,23.0,2021-12-17,34.0
2021-12-18 00:00:00+00:00,24.0,2021-12-18,34.0
2021-12-19 00:00:00+00:00,29.0,2021-12-19,28.0
2021-12-20 00:00:00+00:00,25.0,2021-12-20,28.0
2021-12-21 00:00:00+00:00,27.0,2021-12-21,28.0
2021-12-22 00:00:00+00:00,45.0,2021-12-22,28.0
2021-12-23 00:00:00+00:00,34.0,2021-12-23,28.0
2021-12-24 00:00:00+00:00,41.0,2021-12-24,28.0
2021-12-25 00:00:00+00:00,39.0,2021-12-25,28.0
2021-12-26 00:00:00+00:00,37.0,2021-12-26,30.0
2021-12-27 00:00:00+00:00,40.0,2021-12-27,30.0
2021-12-28 00:00:00+00:00,41.0,2021-12-28,30.0
2021-12-29 00:00:00+00:00,27.0,2021-12-29,30.0
2021-12-30 00:00:00+00:00,22.0,2021-12-30,30.0
2021-12-31 00:00:00+00:00,28.0,2021-12-31,30.0
2022-01-01 00:00:00+00:00,21.0,2022-01-01,30.0
2022-01-02 00:00:00+00:00,29.0,2022-01-02,40.0
2022-01-03 00:00:00+00:00,29.0,2022-01-03,40.0
2022-01-04 00:00:00+00:00,23.0,2022-01-04,40.0
2022-01-05 00:00:00+00:00,24.0,2022-01-05,40.0
2022-01-06 00:00:00+00:00,15.0,2022-01-06,40.0
2022-01-07 00:00:00+00:00,18.0,2022-01-07,40.0
2022-01-08 00:00:00+00:00,10.0,2022-01-08,40.0
2022-01-09 00:00:00+00:00,23.0,2022-01-09,37.0
2022-01-10 00:00:00+00:00,23.0,2022-01-10,37.0
2022-01-11 00:00:00+00:00,21.0,2022-01-11,37.0
2022-01-12 00:00:00+00:00,22.0,2022-01-12,37.0
2022-01-13 00:00:00+00:00,21.0,2022-01-13,37.0
2022-01-14 00:00:00+00:00,21.0,2022-01-14,37.0
2022-01-15 00:00:00+00:00,23.0,2022-01-15,37.0
2022-01-16 00:00:00+00:00,21.0,2022-01-16,39.0
2022-01-17 00:00:00+00:00,22.0,2022-01-17,39.0
2022-01-18 00:00:00+00:00,24.0,2022-01-18,39.0
2022-01-19 00:00:00+00:00,24.0,2022-01-19,39.0
2022-01-20 00:00:00+00:00,24.0,2022-01-20,39.0
2022-01-21 00:00:00+00:00,19.0,2022-01-21,39.0
2022-01-22 00:00:00+00:00,13.0,2022-01-22,39.0
2022-01-23 00:00:00+00:00,11.0,2022-01-23,51.0
2022-01-24 00:00:00+00:00,13.0,2022-01-24,51.0
2022-01-25 00:00:00+00:00,12.0,2022-01-25,51.0
2022-01-26 00:00:00+00:00,23.0,2022-01-26,51.0
2022-01-27 00:00:00+00:00,20.0,2022-01-27,51.0
2022-01-28 00:00:00+00:00,24.0,2022-01-28,51.0
2022-01-29 00:00:00+00:00,24.0,2022-01-29,51.0
2022-01-30 00:00:00+00:00,29.0,2022-01-30,38.0
2022-01-31 00:00:00+00:00,20.0,2022-01-31,38.0
2022-02-01 00:00:00+00:00,26.0,2022-02-01,38.0
2022-02-02 00:00:00+00:00,28.0,2022-02-02,38.0
2022-02-03 00:00:00+00:00,20.0,2022-02-03,38.0
2022-02-04 00:00:00+00:00,20.0,2022-02-04,38.0
2022-02-05 00:00:00+00:00,33.0,2022-02-05,38.0
2022-02-06 00:00:00+00:00,37.0,2022-02-06,37.0
2022-02-07 00:00:00+00:00,45.0,2022-02-07,37.0
2022-02-08 00:00:00+00:00,48.0,2022-02-08,37.0
2022-02-09 00:00:00+00:00,54.0,2022-02-09,37.0
2022-02-10 00:00:00+00:00,50.0,2022-02-10,37.0
2022-02-11 00:00:00+00:00,50.0,2022-02-11,37.0
2022-02-12 00:00:00+00:00,44.0,2022-02-12,37.0
2022-02-13 00:00:00+00:00,44.0,2022-02-13,29.0
2022-02-14 00:00:00+00:00,46.0,2022-02-14,29.0
2022-02-15 00:00:00+00:00,46.0,2022-02-15,29.0
2022-02-16 00:00:00+00:00,51.0,2022-02-16,29.0
2022-02-17 00:00:00+00:00,52.0,2022-02-17,29.0
2022-02-18 00:00:00+00:00,30.0,2022-02-18,29.0
2022-02-19 00:00:00+00:00,25.0,2022-02-19,29.0
2022-02-20 00:00:00+00:00,27.0,2022-02-20,40.0
2022-02-21 00:00:00+00:00,25.0,2022-02-21,40.0
2022-02-22 00:00:00+00:00,20.0,2022-02-22,40.0
2022-02-23 00:00:00+00:00,25.0,2022-02-23,40.0
2022-02-24 00:00:00+00:00,23.0,2022-02-24,40.0
2022-02-25 00:00:00+00:00,27.0,2022-02-25,40.0
2022-02-26 00:00:00+00:00,26.0,2022-02-26,40.0
2022-02-27 00:00:00+00:00,26.0,2022-02-27,34.0
2022-02-28 00:00:00+00:00,20.0,2022-02-28,34.0
2022-03-01 00:00:00+00:00,51.0,2022-03-01,34.0
2022-03-02 00:00:00+00:00,52.0,2022-03-02,34.0
2022-03-03 00:00:00+00:00,39.0,2022-03-03,34.0
2022-03-04 00:00:00+00:00,33.0,2022-03-04,34.0
2022-03-05 00:00:00+00:00,22.0,2022-03-05,34.0
2022-03-06 00:00:00+00:00,22.0,2022-03-06,32.0
2022-03-07 00:00:00+00:00,23.0,2022-03-07,32.0
2022-03-08 00:00:00+00:00,21.0,2022-03-08,32.0
2022-03-09 00:00:00+00:00,22.0,2022-03-09,32.0
2022-03-10 00:00:00+00:00,28.0,2022-03-10,32.0
2022-03-11 00:00:00+00:00,22.0,2022-03-11,32.0
2022-03-12 00:00:00+00:00,22.0,2022-03-12,32.0
2022-03-13 00:00:00+00:00,21.0,2022-03-13,28.0
2022-03-14 00:00:00+00:00,23.0,2022-03-14,28.0
2022-03-15 00:00:00+00:00,21.0,2022-03-15,28.0
2022-03-16 00:00:00+00:00,24.0,2022-03-16,28.0
2022-03-17 00:00:00+00:00,27.0,2022-03-17,28.0
2022-03-18 00:00:00+00:00,25.0,2022-03-18,28.0
2022-03-19 00:00:00+00:00,28.0,2022-03-19,28.0
2022-03-20 00:00:00+00:00,31.0,2022-03-20,26.0
2022-03-21 00:00:00+00:00,30.0,2022-03-21,26.0
2022-03-22 00:00:00+00:00,26.0,2022-03-22,26.0
2022-03-23 00:00:00+00:00,31.0,2022-03-23,26.0
2022-03-24 00:00:00+00:00,40.0,2022-03-24,26.0
2022-03-25 00:00:00+00:00,47.0,2022-03-25,26.0
2022-03-26 00:00:00+00:00,51.0,2022-03-26,26.0
2022-03-27 00:00:00+00:00,49.0,2022-03-27,28.0
2022-03-28 00:00:00+00:00,60.0,2022-03-28,28.0
2022-03-29 00:00:00+00:00,56.0,2022-03-29,28.0
2022-03-30 00:00:00+00:00,55.0,2022-03-30,28.0
2022-03-31 00:00:00+00:00,52.0,2022-03-31,28.0
2022-04-01 00:00:00+00:00,50.0,2022-04-01,28.0
2022-04-02 00:00:00+00:00,52.0,2022-04-02,28.0
2022-04-03 00:00:00+00:00,48.0,2022-04-03,25.0
2022-04-04 00:00:00+00:00,52.0,2022-04-04,25.0
2022-04-05 00:00:00+00:00,53.0,2022-04-05,25.0
2022-04-06 00:00:00+00:00,48.0,2022-04-06,25.0
2022-04-07 00:00:00+00:00,34.0,2022-04-07,25.0
2022-04-08 00:00:00+00:00,37.0,2022-04-08,25.0
2022-04-09 00:00:00+00:00,30.0,2022-04-09,25.0
2022-04-10 00:00:00+00:00,34.0,2022-04-10,25.0
2022-04-11 00:00:00+00:00,32.0,2022-04-11,25.0
2022-04-12 00:00:00+00:00,20.0,2022-04-12,25.0
2022-04-13 00:00:00+00:00,25.0,2022-04-13,25.0
2022-04-14 00:00:00+00:00,28.0,2022-04-14,25.0
2022-04-15 00:00:00+00:00,22.0,2022-04-15,25.0
2022-04-16 00:00:00+00:00,28.0,2022-04-16,25.0
2022-04-17 00:00:00+00:00,28.0,2022-04-17,22.0
2022-04-18 00:00:00+00:00,24.0,2022-04-18,22.0
2022-04-19 00:00:00+00:00,27.0,2022-04-19,22.0
2022-04-20 00:00:00+00:00,27.0,2022-04-20,22.0
2022-04-21 00:00:00+00:00,27.0,2022-04-21,22.0
2022-04-22 00:00:00+00:00,26.0,2022-04-22,22.0
2022-04-23 00:00:00+00:00,24.0,2022-04-23,22.0
2022-04-24 00:00:00+00:00,24.0,2022-04-24,23.0
2022-04-25 00:00:00+00:00,23.0,2022-04-25,23.0
2022-04-26 00:00:00+00:00,27.0,2022-04-26,23.0
2022-04-27 00:00:00+00:00,21.0,2022-04-27,23.0
2022-04-28 00:00:00+00:00,24.0,2022-04-28,23.0
2022-04-29 00:00:00+00:00,23.0,2022-04-29,23.0
2022-04-30 00:00:00+00:00,20.0,2022-04-30,23.0
2022-05-01 00:00:00+00:00,22.0,2022-05-01,23.0
2022-05-02 00:00:00+00:00,28.0,2022-05-02,23.0
2022-05-03 00:00:00+00:00,27.0,2022-05-03,23.0
2022-05-04 00:00:00+00:00,21.0,2022-05-04,23.0
2022-05-05 00:00:00+00:00,27.0,2022-05-05,23.0
2022-05-06 00:00:00+00:00,22.0,2022-05-06,23.0
2022-05-07 00:00:00+00:00,23.0,2022-05-07,23.0
2022-05-08 00:00:00+00:00,18.0,2022-05-08,54.0
2022-05-09 00:00:00+00:00,11.0,2022-05-09,54.0
2022-05-10 00:00:00+00:00,10.0,2022-05-10,54.0
2022-05-11 00:00:00+00:00,12.0,2022-05-11,54.0
2022-05-12 00:00:00+00:00,12.0,2022-05-12,54.0
2022-05-13 00:00:00+00:00,10.0,2022-05-13,54.0
2022-05-14 00:00:00+00:00,9.0,2022-05-14,54.0
2022-05-15 00:00:00+00:00,10.0,2022-05-15,36.0
2022-05-16 00:00:00+00:00,14.0,2022-05-16,36.0
2022-05-17 00:00:00+00:00,8.0,2022-05-17,36.0
2022-05-18 00:00:00+00:00,12.0,2022-05-18,36.0
2022-05-19 00:00:00+00:00,13.0,2022-05-19,36.0
2022-05-20 00:00:00+00:00,13.0,2022-05-20,36.0
2022-05-21 00:00:00+00:00,13.0,2022-05-21,36.0
2022-05-22 00:00:00+00:00,14.0,2022-05-22,29.0
2022-05-23 00:00:00+00:00,10.0,2022-05-23,29.0
2022-05-24 00:00:00+00:00,12.0,2022-05-24,29.0
2022-05-25 00:00:00+00:00,11.0,2022-05-25,29.0
2022-05-26 00:00:00+00:00,12.0,2022-05-26,29.0
2022-05-27 00:00:00+00:00,12.0,2022-05-27,29.0
2022-05-28 00:00:00+00:00,13.0,2022-05-28,29.0
2022-05-29 00:00:00+00:00,14.0,2022-05-29,25.0
2022-05-30 00:00:00+00:00,10.0,2022-05-30,25.0
2022-05-31 00:00:00+00:00,16.0,2022-05-31,25.0
2022-06-01 00:00:00+00:00,17.0,2022-06-01,25.0
2022-06-02 00:00:00+00:00,13.0,2022-06-02,25.0
2022-06-03 00:00:00+00:00,10.0,2022-06-03,25.0
2022-06-04 00:00:00+00:00,14.0,2022-06-04,25.0
2022-06-05 00:00:00+00:00,10.0,2022-06-05,24.0
2022-06-06 00:00:00+00:00,13.0,2022-06-06,24.0
2022-06-07 00:00:00+00:00,15.0,2022-06-07,24.0
2022-06-08 00:00:00+00:00,17.0,2022-06-08,24.0
2022-06-09 00:00:00+00:00,11.0,2022-06-09,24.0
2022-06-10 00:00:00+00:00,13.0,2022-06-10,24.0
2022-06-11 00:00:00+00:00,12.0,2022-06-11,24.0
2022-06-12 00:00:00+00:00,14.0,2022-06-12,65.0
2022-06-13 00:00:00+00:00,11.0,2022-06-13,65.0
2022-06-14 00:00:00+00:00,8.0,2022-06-14,65.0
2022-06-15 00:00:00+00:00,7.0,2022-06-15,65.0
2022-06-16 00:00:00+00:00,7.0,2022-06-16,65.0
2022-06-17 00:00:00+00:00,9.0,2022-06-17,65.0
2022-06-18 00:00:00+00:00,6.0,2022-06-18,65.0
2022-06-19 00:00:00+00:00,6.0,2022-06-19,49.0
2022-06-20 00:00:00+00:00,9.0,2022-06-20,49.0
2022-06-21 00:00:00+00:00,9.0,2022-06-21,49.0
2022-06-22 00:00:00+00:00,11.0,2022-06-22,49.0
2022-06-23 00:00:00+00:00,11.0,2022-06-23,49.0
2022-06-24 00:00:00+00:00,11.0,2022-06-24,49.0
2022-06-25 00:00:00+00:00,14.0,2022-06-25,49.0
2022-06-26 00:00:00+00:00,14.0,2022-06-26,36.0
2022-06-27 00:00:00+00:00,12.0,2022-06-27,36.0
2022-06-28 00:00:00+00:00,10.0,2022-06-28,36.0
2022-06-29 00:00:00+00:00,13.0,2022-06-29,36.0
2022-06-30 00:00:00+00:00,11.0,2022-06-30,36.0
2022-07-01 00:00:00+00:00,11.0,2022-07-01,36.0
2022-07-02 00:00:00+00:00,14.0,2022-07-02,36.0
2022-07-03 00:00:00+00:00,11.0,2022-07-03,32.0
2022-07-04 00:00:00+00:00,14.0,2022-07-04,32.0
2022-07-05 00:00:00+00:00,19.0,2022-07-05,32.0
2022-07-06 00:00:00+00:00,18.0,2022-07-06,32.0
2022-07-07 00:00:00+00:00,18.0,2022-07-07,32.0
2022-07-08 00:00:00+00:00,20.0,2022-07-08,32.0
2022-07-09 00:00:00+00:00,24.0,2022-07-09,32.0
2022-07-10 00:00:00+00:00,24.0,2022-07-10,30.0
2022-07-11 00:00:00+00:00,22.0,2022-07-11,30.0
2022-07-12 00:00:00+00:00,16.0,2022-07-12,30.0
2022-07-13 00:00:00+00:00,15.0,2022-07-13,30.0
2022-07-14 00:00:00+00:00,18.0,2022-07-14,30.0
2022-07-15 00:00:00+00:00,15.0,2022-07-15,30.0
2022-07-16 00:00:00+00:00,21.0,2022-07-16,30.0
2022-07-17 00:00:00+00:00,24.0,2022-07-17,31.0
2022-07-18 00:00:00+00:00,20.0,2022-07-18,31.0
2022-07-19 00:00:00+00:00,30.0,2022-07-19,31.0
2022-07-20 00:00:00+00:00,31.0,2022-07-20,31.0
2022-07-21 00:00:00+00:00,34.0,2022-07-21,31.0
2022-07-22 00:00:00+00:00,33.0,2022-07-22,31.0
2022-07-23 00:00:00+00:00,31.0,2022-07-23,31.0
2022-07-24 00:00:00+00:00,30.0,2022-07-24,26.0
2022-07-25 00:00:00+00:00,30.0,2022-07-25,26.0
2022-07-26 00:00:00+00:00,26.0,2022-07-26,26.0
2022-07-27 00:00:00+00:00,28.0,2022-07-27,26.0
2022-07-28 00:00:00+00:00,32.0,2022-07-28,26.0
2022-07-29 00:00:00+00:00,39.0,2022-07-29,26.0
2022-07-30 00:00:00+00:00,42.0,2022-07-30,26.0
2022-07-31 00:00:00+00:00,39.0,2022-07-31,23.0
2022-08-01 00:00:00+00:00,33.0,2022-08-01,23.0
2022-08-02 00:00:00+00:00,31.0,2022-08-02,23.0
2022-08-03 00:00:00+00:00,34.0,2022-08-03,23.0
2022-08-04 00:00:00+00:00,30.0,2022-08-04,23.0
2022-08-05 00:00:00+00:00,31.0,2022-08-05,23.0
2022-08-06 00:00:00+00:00,31.0,2022-08-06,23.0
2022-08-07 00:00:00+00:00,30.0,2022-08-07,22.0
2022-08-08 00:00:00+00:00,30.0,2022-08-08,22.0
2022-08-09 00:00:00+00:00,42.0,2022-08-09,22.0
2022-08-10 00:00:00+00:00,31.0,2022-08-10,22.0
2022-08-11 00:00:00+00:00,41.0,2022-08-11,22.0
2022-08-12 00:00:00+00:00,42.0,2022-08-12,22.0
2022-08-13 00:00:00+00:00,46.0,2022-08-13,22.0
2022-08-14 00:00:00+00:00,47.0,2022-08-14,23.0
2022-08-15 00:00:00+00:00,45.0,2022-08-15,23.0
2022-08-16 00:00:00+00:00,44.0,2022-08-16,23.0
2022-08-17 00:00:00+00:00,41.0,2022-08-17,23.0
2022-08-18 00:00:00+00:00,30.0,2022-08-18,23.0
2022-08-19 00:00:00+00:00,33.0,2022-08-19,23.0
2022-08-20 00:00:00+00:00,29.0,2022-08-20,23.0
2022-08-21 00:00:00+00:00,27.0,2022-08-21,20.0
2022-08-22 00:00:00+00:00,29.0,2022-08-22,20.0
2022-08-23 00:00:00+00:00,28.0,2022-08-23,20.0
2022-08-24 00:00:00+00:00,25.0,2022-08-24,20.0
2022-08-25 00:00:00+00:00,25.0,2022-08-25,20.0
2022-08-26 00:00:00+00:00,27.0,2022-08-26,20.0
2022-08-27 00:00:00+00:00,28.0,2022-08-27,20.0
2022-08-28 00:00:00+00:00,28.0,2022-08-28,21.0
2022-08-29 00:00:00+00:00,24.0,2022-08-29,21.0
2022-08-30 00:00:00+00:00,27.0,2022-08-30,21.0
2022-08-31 00:00:00+00:00,23.0,2022-08-31,21.0
2022-09-01 00:00:00+00:00,20.0,2022-09-01,21.0
2022-09-02 00:00:00+00:00,25.0,2022-09-02,21.0
2022-09-03 00:00:00+00:00,21.0,2022-09-03,21.0
2022-09-04 00:00:00+00:00,20.0,2022-09-04,21.0
2022-09-05 00:00:00+00:00,23.0,2022-09-05,21.0
2022-09-06 00:00:00+00:00,22.0,2022-09-06,21.0
2022-09-07 00:00:00+00:00,24.0,2022-09-07,21.0
2022-09-08 00:00:00+00:00,20.0,2022-09-08,21.0
2022-09-09 00:00:00+00:00,22.0,2022-09-09,21.0
2022-09-10 00:00:00+00:00,28.0,2022-09-10,21.0
2022-09-11 00:00:00+00:00,26.0,2022-09-11,21.0
2022-09-12 00:00:00+00:00,25.0,2022-09-12,21.0
2022-09-13 00:00:00+00:00,34.0,2022-09-13,21.0
2022-09-14 00:00:00+00:00,27.0,2022-09-14,21.0
2022-09-15 00:00:00+00:00,28.0,2022-09-15,21.0
2022-09-16 00:00:00+00:00,20.0,2022-09-16,21.0
2022-09-17 00:00:00+00:00,22.0,2022-09-17,21.0
2022-09-18 00:00:00+00:00,27.0,2022-09-18,22.0
2022-09-19 00:00:00+00:00,21.0,2022-09-19,22.0
2022-09-20 00:00:00+00:00,23.0,2022-09-20,22.0
2022-09-21 00:00:00+00:00,23.0,2022-09-21,22.0
2022-09-22 00:00:00+00:00,22.0,2022-09-22,22.0
2022-09-23 00:00:00+00:00,20.0,2022-09-23,22.0
2022-09-24 00:00:00+00:00,24.0,2022-09-24,22.0
2022-09-25 00:00:00+00:00,24.0,2022-09-25,19.0
2022-09-26 00:00:00+00:00,21.0,2022-09-26,19.0
2022-09-27 00:00:00+00:00,20.0,2022-09-27,19.0
2022-09-28 00:00:00+00:00,20.0,2022-09-28,19.0
2022-09-29 00:00:00+00:00,22.0,2022-09-29,19.0
2022-09-30 00:00:00+00:00,21.0,2022-09-30,19.0
2022-10-01 00:00:00+00:00,20.0,2022-10-01,19.0
2022-10-02 00:00:00+00:00,24.0,2022-10-02,17.0
2022-10-03 00:00:00+00:00,24.0,2022-10-03,17.0
2022-10-04 00:00:00+00:00,20.0,2022-10-04,17.0
2022-10-05 00:00:00+00:00,25.0,2022-10-05,17.0
2022-10-06 00:00:00+00:00,26.0,2022-10-06,17.0
2022-10-07 00:00:00+00:00,23.0,2022-10-07,17.0
2022-10-08 00:00:00+00:00,24.0,2022-10-08,17.0
2022-10-09 00:00:00+00:00,22.0,2022-10-09,18.0
2022-10-10 00:00:00+00:00,22.0,2022-10-10,18.0
2022-10-11 00:00:00+00:00,24.0,2022-10-11,18.0
2022-10-12 00:00:00+00:00,20.0,2022-10-12,18.0
2022-10-13 00:00:00+00:00,20.0,2022-10-13,18.0
2022-10-14 00:00:00+00:00,24.0,2022-10-14,18.0
2022-10-15 00:00:00+00:00,24.0,2022-10-15,18.0
2022-10-16 00:00:00+00:00,24.0,2022-10-16,16.0
2022-10-17 00:00:00+00:00,20.0,2022-10-17,16.0
2022-10-18 00:00:00+00:00,22.0,2022-10-18,16.0
2022-10-19 00:00:00+00:00,23.0,2022-10-19,16.0
2022-10-20 00:00:00+00:00,23.0,2022-10-20,16.0
2022-10-21 00:00:00+00:00,23.0,2022-10-21,16.0
2022-10-22 00:00:00+00:00,20.0,2022-10-22,16.0
2022-10-23 00:00:00+00:00,23.0,2022-10-23,17.0
2022-10-24 00:00:00+00:00,22.0,2022-10-24,17.0
2022-10-25 00:00:00+00:00,20.0,2022-10-25,17.0
2022-10-26 00:00:00+00:00,33.0,2022-10-26,17.0
2022-10-27 00:00:00+00:00,32.0,2022-10-27,17.0
2022-10-28 00:00:00+00:00,30.0,2022-10-28,17.0
2022-10-29 00:00:00+00:00,34.0,2022-10-29,17.0
2022-10-30 00:00:00+00:00,34.0,2022-10-30,17.0
2022-10-31 00:00:00+00:00,31.0,2022-10-31,17.0
2022-11-01 00:00:00+00:00,30.0,2022-11-01,17.0
2022-11-02 00:00:00+00:00,30.0,2022-11-02,17.0
2022-11-03 00:00:00+00:00,30.0,2022-11-03,17.0
2022-11-04 00:00:00+00:00,30.0,2022-11-04,17.0
2022-11-05 00:00:00+00:00,38.0,2022-11-05,17.0
2022-11-06 00:00:00+00:00,40.0,2022-11-06,32.0
2022-11-07 00:00:00+00:00,33.0,2022-11-07,32.0
2022-11-08 00:00:00+00:00,31.0,2022-11-08,32.0
2022-11-09 00:00:00+00:00,29.0,2022-11-09,32.0
2022-11-10 00:00:00+00:00,22.0,2022-11-10,32.0
2022-11-11 00:00:00+00:00,25.0,2022-11-11,32.0
2022-11-12 00:00:00+00:00,21.0,2022-11-12,32.0
2022-11-13 00:00:00+00:00,22.0,2022-11-13,30.0
2022-11-14 00:00:00+00:00,24.0,2022-11-14,30.0
2022-11-15 00:00:00+00:00,22.0,2022-11-15,30.0
2022-11-16 00:00:00+00:00,23.0,2022-11-16,30.0
2022-11-17 00:00:00+00:00,20.0,2022-11-17,30.0
2022-11-18 00:00:00+00:00,23.0,2022-11-18,30.0
2022-11-19 00:00:00+00:00,23.0,2022-11-19,30.0
2022-11-20 00:00:00+00:00,24.0,2022-11-20,22.0
2022-11-21 00:00:00+00:00,21.0,2022-11-21,22.0
2022-11-22 00:00:00+00:00,22.0,2022-11-22,22.0
2022-11-23 00:00:00+00:00,22.0,2022-11-23,22.0
2022-11-24 00:00:00+00:00,20.0,2022-11-24,22.0
2022-11-25 00:00:00+00:00,20.0,2022-11-25,22.0
2022-11-26 00:00:00+00:00,22.0,2022-11-26,22.0
2022-11-27 00:00:00+00:00,26.0,2022-11-27,19.0
2022-11-28 00:00:00+00:00,28.0,2022-11-28,19.0
2022-11-29 00:00:00+00:00,26.0,2022-11-29,19.0
2022-11-30 00:00:00+00:00,29.0,2022-11-30,19.0
2022-12-01 00:00:00+00:00,27.0,2022-12-01,19.0
2022-12-02 00:00:00+00:00,27.0,2022-12-02,19.0
2022-12-03 00:00:00+00:00,27.0,2022-12-03,19.0
2022-12-04 00:00:00+00:00,26.0,2022-12-04,18.0
2022-12-05 00:00:00+00:00,26.0,2022-12-05,18.0
2022-12-06 00:00:00+00:00,25.0,2022-12-06,18.0
2022-12-07 00:00:00+00:00,29.0,2022-12-07,18.0
2022-12-08 00:00:00+00:00,25.0,2022-12-08,18.0
2022-12-09 00:00:00+00:00,26.0,2022-12-09,18.0
2022-12-10 00:00:00+00:00,27.0,2022-12-10,18.0
2022-12-11 00:00:00+00:00,26.0,2022-12-11,19.0
2022-12-12 00:00:00+00:00,27.0,2022-12-12,19.0
2022-12-13 00:00:00+00:00,27.0,2022-12-13,19.0
2022-12-14 00:00:00+00:00,30.0,2022-12-14,19.0
2022-12-15 00:00:00+00:00,31.0,2022-12-15,19.0
2022-12-16 00:00:00+00:00,29.0,2022-12-16,19.0
2022-12-17 00:00:00+00:00,28.0,2022-12-17,19.0
2022-12-18 00:00:00+00:00,26.0,2022-12-18,17.0
2022-12-19 00:00:00+00:00,29.0,2022-12-19,17.0
2022-12-20 00:00:00+00:00,29.0,2022-12-20,17.0
2022-12-21 00:00:00+00:00,26.0,2022-12-21,17.0
2022-12-22 00:00:00+00:00,28.0,2022-12-22,17.0
2022-12-23 00:00:00+00:00,27.0,2022-12-23,17.0
2022-12-24 00:00:00+00:00,29.0,2022-12-24,17.0
2022-12-25 00:00:00+00:00,29.0,2022-12-25,17.0
2022-12-26 00:00:00+00:00,28.0,2022-12-26,17.0
2022-12-27 00:00:00+00:00,27.0,2022-12-27,17.0
2022-12-28 00:00:00+00:00,28.0,2022-12-28,17.0
2022-12-29 00:00:00+00:00,28.0,2022-12-29,17.0
2022-12-30 00:00:00+00:00,28.0,2022-12-30,17.0
2022-12-31 00:00:00+00:00,25.0,2022-12-31,17.0
2023-01-01 00:00:00+00:00,26.0,2023-01-01,17.0
2023-01-02 00:00:00+00:00,27.0,2023-01-02,17.0
2023-01-03 00:00:00+00:00,26.0,2023-01-03,17.0
2023-01-04 00:00:00+00:00,29.0,2023-01-04,17.0
2023-01-05 00:00:00+00:00,29.0,2023-01-05,17.0
2023-01-06 00:00:00+00:00,26.0,2023-01-06,17.0
2023-01-07 00:00:00+00:00,25.0,2023-01-07,17.0
2023-01-08 00:00:00+00:00,25.0,2023-01-08,20.0
2023-01-09 00:00:00+00:00,25.0,2023-01-09,20.0
2023-01-10 00:00:00+00:00,26.0,2023-01-10,20.0
2023-01-11 00:00:00+00:00,26.0,2023-01-11,20.0
2023-01-12 00:00:00+00:00,30.0,2023-01-12,20.0
2023-01-13 00:00:00+00:00,31.0,2023-01-13,20.0
2023-01-14 00:00:00+00:00,46.0,2023-01-14,20.0
2023-01-15 00:00:00+00:00,52.0,2023-01-15,23.0
2023-01-16 00:00:00+00:00,45.0,2023-01-16,23.0
2023-01-17 00:00:00+00:00,51.0,2023-01-17,23.0
2023-01-18 00:00:00+00:00,52.0,2023-01-18,23.0
2023-01-19 00:00:00+00:00,45.0,2023-01-19,23.0
2023-01-20 00:00:00+00:00,51.0,2023-01-20,23.0
2023-01-21 00:00:00+00:00,53.0,2023-01-21,23.0
2023-01-22 00:00:00+00:00,53.0,2023-01-22,21.0
2023-01-23 00:00:00+00:00,50.0,2023-01-23,21.0
2023-01-24 00:00:00+00:00,52.0,2023-01-24,21.0
2023-01-25 00:00:00+00:00,51.0,2023-01-25,21.0
2023-01-26 00:00:00+00:00,54.0,2023-01-26,21.0
2023-01-27 00:00:00+00:00,55.0,2023-01-27,21.0
2023-01-28 00:00:00+00:00,52.0,2023-01-28,21.0
2023-01-29 00:00:00+00:00,55.0,2023-01-29,21.0
2023-01-30 00:00:00+00:00,61.0,2023-01-30,21.0
2023-01-31 00:00:00+00:00,51.0,2023-01-31,21.0
2023-02-01 00:00:00+00:00,56.0,2023-02-01,21.0
2023-02-02 00:00:00+00:00,60.0,2023-02-02,21.0
2023-02-03 00:00:00+00:00,60.0,2023-02-03,21.0
2023-02-04 00:00:00+00:00,58.0,2023-02-04,21.0
2023-02-05 00:00:00+00:00,58.0,2023-02-05,18.0
2023-02-06 00:00:00+00:00,56.0,2023-02-06,18.0
2023-02-07 00:00:00+00:00,54.0,2023-02-07,18.0
2023-02-08 00:00:00+00:00,58.0,2023-02-08,18.0
2023-02-09 00:00:00+00:00,55.0,2023-02-09,18.0
2023-02-10 00:00:00+00:00,48.0,2023-02-10,18.0
2023-02-11 00:00:00+00:00,49.0,2023-02-11,18.0
2023-02-12 00:00:00+00:00,50.0,2023-02-12,18.0
2023-02-13 00:00:00+00:00,48.0,2023-02-13,18.0
2023-02-14 00:00:00+00:00,50.0,2023-02-14,18.0
2023-02-15 00:00:00+00:00,53.0,2023-02-15,18.0
2023-02-16 00:00:00+00:00,62.0,2023-02-16,18.0
2023-02-17 00:00:00+00:00,61.0,2023-02-17,18.0
2023-02-18 00:00:00+00:00,60.0,2023-02-18,18.0
2023-02-19 00:00:00+00:00,60.0,2023-02-19,19.0
2023-02-20 00:00:00+00:00,58.0,2023-02-20,19.0
2023-02-21 00:00:00+00:00,60.0,2023-02-21,19.0
2023-02-22 00:00:00+00:00,59.0,2023-02-22,19.0
2023-02-23 00:00:00+00:00,56.0,2023-02-23,19.0
2023-02-24 00:00:00+00:00,53.0,2023-02-24,19.0
2023-02-25 00:00:00+00:00,52.0,2023-02-25,19.0
2023-02-26 00:00:00+00:00,51.0,2023-02-26,18.0
2023-02-27 00:00:00+00:00,50.0,2023-02-27,18.0
2023-02-28 00:00:00+00:00,53.0,2023-02-28,18.0
2023-03-01 00:00:00+00:00,50.0,2023-03-01,18.0
2023-03-02 00:00:00+00:00,51.0,2023-03-02,18.0
2023-03-03 00:00:00+00:00,50.0,2023-03-03,18.0
2023-03-04 00:00:00+00:00,50.0,2023-03-04,18.0
2023-03-05 00:00:00+00:00,47.0,2023-03-05,19.0
2023-03-06 00:00:00+00:00,48.0,2023-03-06,19.0
2023-03-07 00:00:00+00:00,49.0,2023-03-07,19.0
2023-03-08 00:00:00+00:00,50.0,2023-03-08,19.0
2023-03-09 00:00:00+00:00,44.0,2023-03-09,19.0
2023-03-10 00:00:00+00:00,34.0,2023-03-10,19.0
2023-03-11 00:00:00+00:00,33.0,2023-03-11,19.0
2023-03-12 00:00:00+00:00,33.0,2023-03-12,25.0
2023-03-13 00:00:00+00:00,49.0,2023-03-13,25.0
2023-03-14 00:00:00+00:00,56.0,2023-03-14,25.0
2023-03-15 00:00:00+00:00,50.0,2023-03-15,25.0
2023-03-16 00:00:00+00:00,52.0,2023-03-16,25.0
2023-03-17 00:00:00+00:00,51.0,2023-03-17,25.0
2023-03-18 00:00:00+00:00,64.0,2023-03-18,25.0
2023-03-19 00:00:00+00:00,63.0,2023-03-19,27.0
2023-03-20 00:00:00+00:00,66.0,2023-03-20,27.0
2023-03-21 00:00:00+00:00,68.0,2023-03-21,27.0
2023-03-22 00:00:00+00:00,62.0,2023-03-22,27.0
2023-03-23 00:00:00+00:00,57.0,2023-03-23,27.0
2023-03-24 00:00:00+00:00,61.0,2023-03-24,27.0
2023-03-25 00:00:00+00:00,64.0,2023-03-25,27.0
2023-03-26 00:00:00+00:00,64.0,2023-03-26,22.0
2023-03-27 00:00:00+00:00,64.0,2023-03-27,22.0
2023-03-28 00:00:00+00:00,59.0,2023-03-28,22.0
2023-03-29 00:00:00+00:00,57.0,2023-03-29,22.0
2023-03-30 00:00:00+00:00,60.0,2023-03-30,22.0
2023-03-31 00:00:00+00:00,63.0,2023-03-31,22.0
2023-04-01 00:00:00+00:00,61.0,2023-04-01,22.0
2023-04-02 00:00:00+00:00,63.0,2023-04-02,20.0
2023-04-03 00:00:00+00:00,63.0,2023-04-03,20.0
2023-04-04 00:00:00+00:00,62.0,2023-04-04,20.0
2023-04-05 00:00:00+00:00,62.0,2023-04-05,20.0
2023-04-06 00:00:00+00:00,63.0,2023-04-06,20.0
2023-04-07 00:00:00+00:00,64.0,2023-04-07,20.0
2023-04-08 00:00:00+00:00,61.0,2023-04-08,20.0
2023-04-09 00:00:00+00:00,61.0,2023-04-09,23.0
2023-04-10 00:00:00+00:00,62.0,2023-04-10,23.0
2023-04-11 00:00:00+00:00,68.0,2023-04-11,23.0
2023-04-12 00:00:00+00:00,65.0,2023-04-12,23.0
2023-04-13 00:00:00+00:00,61.0,2023-04-13,23.0
2023-04-14 00:00:00+00:00,68.0,2023-04-14,23.0
2023-04-15 00:00:00+00:00,68.0,2023-04-15,23.0
2023-04-16 00:00:00+00:00,68.0,2023-04-16,21.0
2023-04-17 00:00:00+00:00,69.0,2023-04-17,21.0
2023-04-18 00:00:00+00:00,58.0,2023-04-18,21.0
2023-04-19 00:00:00+00:00,63.0,2023-04-19,21.0
2023-04-20 00:00:00+00:00,52.0,2023-04-20,21.0
2023-04-21 00:00:00+00:00,50.0,2023-04-21,21.0
2023-04-22 00:00:00+00:00,53.0,2023-04-22,21.0
2023-04-23 00:00:00+00:00,56.0,2023-04-23,20.0
2023-04-24 00:00:00+00:00,53.0,2023-04-24,20.0
2023-04-25 00:00:00+00:00,53.0,2023-04-25,20.0
2023-04-26 00:00:00+00:00,56.0,2023-04-26,20.0
2023-04-27 00:00:00+00:00,59.0,2023-04-27,20.0
2023-04-28 00:00:00+00:00,64.0,2023-04-28,20.0
2023-04-29 00:00:00+00:00,64.0,2023-04-29,20.0
2023-04-30 00:00:00+00:00,60.0,2023-04-30,19.0
2023-05-01 00:00:00+00:00,63.0,2023-05-01,19.0
2023-05-02 00:00:00+00:00,55.0,2023-05-02,19.0
2023-05-03 00:00:00+00:00,64.0,2023-05-03,19.0
2023-05-04 00:00:00+00:00,64.0,2023-05-04,19.0
2023-05-05 00:00:00+00:00,61.0,2023-05-05,19.0
2023-05-06 00:00:00+00:00,60.0,2023-05-06,19.0
2023-05-07 00:00:00+00:00,64.0,2023-05-07,19.0
2023-05-08 00:00:00+00:00,60.0,2023-05-08,19.0
2023-05-09 00:00:00+00:00,51.0,2023-05-09,19.0
2023-05-10 00:00:00+00:00,52.0,2023-05-10,19.0
2023-05-11 00:00:00+00:00,52.0,2023-05-11,19.0
2023-05-12 00:00:00+00:00,49.0,2023-05-12,19.0
2023-05-13 00:00:00+00:00,48.0,2023-05-13,19.0
2023-05-14 00:00:00+00:00,48.0,2023-05-14,16.0
2023-05-15 00:00:00+00:00,50.0,2023-05-15,16.0
2023-05-16 00:00:00+00:00,54.0,2023-05-16,16.0
2023-05-17 00:00:00+00:00,50.0,2023-05-17,16.0
2023-05-18 00:00:00+00:00,51.0,2023-05-18,16.0
2023-05-19 00:00:00+00:00,48.0,2023-05-19,16.0
2023-05-20 00:00:00+00:00,48.0,2023-05-20,16.0
2023-05-21 00:00:00+00:00,52.0,2023-05-21,16.0
2023-05-22 00:00:00+00:00,49.0,2023-05-22,16.0
2023-05-23 00:00:00+00:00,50.0,2023-05-23,16.0
2023-05-24 00:00:00+00:00,50.0,2023-05-24,16.0
2023-05-25 00:00:00+00:00,51.0,2023-05-25,16.0
2023-05-26 00:00:00+00:00,49.0,2023-05-26,16.0
2023-05-27 00:00:00+00:00,48.0,2023-05-27,16.0
2023-05-28 00:00:00+00:00,50.0,2023-05-28,16.0
2023-05-29 00:00:00+00:00,52.0,2023-05-29,16.0
2023-05-30 00:00:00+00:00,51.0,2023-05-30,16.0
2023-05-31 00:00:00+00:00,51.0,2023-05-31,16.0
2023-06-01 00:00:00+00:00,52.0,2023-06-01,16.0
2023-06-02 00:00:00+00:00,50.0,2023-06-02,16.0
2023-06-03 00:00:00+00:00,53.0,2023-06-03,16.0
2023-06-04 00:00:00+00:00,52.0,2023-06-04,18.0
2023-06-05 00:00:00+00:00,53.0,2023-06-05,18.0
2023-06-06 00:00:00+00:00,44.0,2023-06-06,18.0
2023-06-07 00:00:00+00:00,53.0,2023-06-07,18.0
2023-06-08 00:00:00+00:00,50.0,2023-06-08,18.0
2023-06-09 00:00:00+00:00,50.0,2023-06-09,18.0
2023-06-10 00:00:00+00:00,49.0,2023-06-10,18.0
2023-06-11 00:00:00+00:00,47.0,2023-06-11,17.0
2023-06-12 00:00:00+00:00,47.0,2023-06-12,17.0
2023-06-13 00:00:00+00:00,45.0,2023-06-13,17.0
2023-06-14 00:00:00+00:00,46.0,2023-06-14,17.0
2023-06-15 00:00:00+00:00,41.0,2023-06-15,17.0
2023-06-16 00:00:00+00:00,47.0,2023-06-16,17.0
2023-06-17 00:00:00+00:00,47.0,2023-06-17,17.0
2023-06-18 00:00:00+00:00,49.0,2023-06-18,21.0
2023-06-19 00:00:00+00:00,47.0,2023-06-19,21.0
2023-06-20 00:00:00+00:00,49.0,2023-06-20,21.0
2023-06-21 00:00:00+00:00,59.0,2023-06-21,21.0
2023-06-22 00:00:00+00:00,65.0,2023-06-22,21.0
2023-06-23 00:00:00+00:00,65.0,2023-06-23,21.0
2023-06-24 00:00:00+00:00,62.0,2023-06-24,21.0
2023-06-25 00:00:00+00:00,64.0,2023-06-25,19.0
2023-06-26 00:00:00+00:00,55.0,2023-06-26,19.0
2023-06-27 00:00:00+00:00,59.0,2023-06-27,19.0
2023-06-28 00:00:00+00:00,62.0,2023-06-28,19.0
2023-06-29 00:00:00+00:00,54.0,2023-06-29,19.0
2023-06-30 00:00:00+00:00,56.0,2023-06-30,19.0
2023-07-01 00:00:00+00:00,59.0,2023-07-01,19.0
2023-07-02 00:00:00+00:00,63.0,2023-07-02,19.0
2023-07-03 00:00:00+00:00,62.0,2023-07-03,19.0
2023-07-04 00:00:00+00:00,64.0,2023-07-04,19.0
2023-07-05 00:00:00+00:00,61.0,2023-07-05,19.0
2023-07-06 00:00:00+00:00,56.0,2023-07-06,19.0
2023-07-07 00:00:00+00:00,55.0,2023-07-07,19.0
2023-07-08 00:00:00+00:00,58.0,2023-07-08,19.0
2023-07-09 00:00:00+00:00,55.0,2023-07-09,19.0
2023-07-10 00:00:00+00:00,56.0,2023-07-10,19.0
2023-07-11 00:00:00+00:00,57.0,2023-07-11,19.0
2023-07-12 00:00:00+00:00,64.0,2023-07-12,19.0
2023-07-13 00:00:00+00:00,57.0,2023-07-13,19.0
2023-07-14 00:00:00+00:00,60.0,2023-07-14,19.0
2023-07-15 00:00:00+00:00,56.0,2023-07-15,19.0
2023-07-16 00:00:00+00:00,57.0,2023-07-16,18.0
2023-07-17 00:00:00+00:00,54.0,2023-07-17,18.0
2023-07-18 00:00:00+00:00,56.0,2023-07-18,18.0
2023-07-19 00:00:00+00:00,50.0,2023-07-19,18.0
2023-07-20 00:00:00+00:00,56.0,2023-07-20,18.0
2023-07-21 00:00:00+00:00,50.0,2023-07-21,18.0
2023-07-22 00:00:00+00:00,52.0,2023-07-22,18.0
2023-07-23 00:00:00+00:00,54.0,2023-07-23,17.0
2023-07-24 00:00:00+00:00,55.0,2023-07-24,17.0
2023-07-25 00:00:00+00:00,50.0,2023-07-25,17.0
2023-07-26 00:00:00+00:00,51.0,2023-07-26,17.0
2023-07-27 00:00:00+00:00,51.0,2023-07-27,17.0
2023-07-28 00:00:00+00:00,52.0,2023-07-28,17.0
2023-07-29 00:00:00+00:00,52.0,2023-07-29,17.0
2023-07-30 00:00:00+00:00,52.0,2023-07-30,16.0
2023-07-31 00:00:00+00:00,50.0,2023-07-31,16.0
2023-08-01 00:00:00+00:00,53.0,2023-08-01,16.0
2023-08-02 00:00:00+00:00,53.0,2023-08-02,16.0
2023-08-03 00:00:00+00:00,52.0,2023-08-03,16.0
2023-08-04 00:00:00+00:00,54.0,2023-08-04,16.0
2023-08-05 00:00:00+00:00,50.0,2023-08-05,16.0
2023-08-06 00:00:00+00:00,49.0,2023-08-06,16.0
2023-08-07 00:00:00+00:00,49.0,2023-08-07,16.0
2023-08-08 00:00:00+00:00,54.0,2023-08-08,16.0
2023-08-09 00:00:00+00:00,50.0,2023-08-09,16.0
2023-08-10 00:00:00+00:00,53.0,2023-08-10,16.0
2023-08-11 00:00:00+00:00,51.0,2023-08-11,16.0
2023-08-12 00:00:00+00:00,54.0,2023-08-12,16.0
2023-08-13 00:00:00+00:00,54.0,2023-08-13,19.0
2023-08-14 00:00:00+00:00,50.0,2023-08-14,19.0
2023-08-15 00:00:00+00:00,53.0,2023-08-15,19.0
2023-08-16 00:00:00+00:00,52.0,2023-08-16,19.0
2023-08-17 00:00:00+00:00,50.0,2023-08-17,19.0
2023-08-18 00:00:00+00:00,37.0,2023-08-18,19.0
2023-08-19 00:00:00+00:00,39.0,2023-08-19,19.0
2023-08-20 00:00:00+00:00,37.0,2023-08-20,18.0
2023-08-21 00:00:00+00:00,38.0,2023-08-21,18.0
2023-08-22 00:00:00+00:00,37.0,2023-08-22,18.0
2023-08-23 00:00:00+00:00,37.0,2023-08-23,18.0
2023-08-24 00:00:00+00:00,41.0,2023-08-24,18.0
2023-08-25 00:00:00+00:00,39.0,2023-08-25,18.0
2023-08-26 00:00:00+00:00,38.0,2023-08-26,18.0
2023-08-27 00:00:00+00:00,38.0,2023-08-27,17.0
2023-08-28 00:00:00+00:00,39.0,2023-08-28,17.0
2023-08-29 00:00:00+00:00,39.0,2023-08-29,17.0
2023-08-30 00:00:00+00:00,49.0,2023-08-30,17.0
2023-08-31 00:00:00+00:00,52.0,2023-08-31,17.0
2023-09-01 00:00:00+00:00,40.0,2023-09-01,17.0
2023-09-02 00:00:00+00:00,39.0,2023-09-02,17.0
2023-09-03 00:00:00+00:00,40.0,2023-09-03,16.0
2023-09-04 00:00:00+00:00,40.0,2023-09-04,16.0
2023-09-05 00:00:00+00:00,40.0,2023-09-05,16.0
2023-09-06 00:00:00+00:00,42.0,2023-09-06,16.0
2023-09-07 00:00:00+00:00,41.0,2023-09-07,16.0
2023-09-08 00:00:00+00:00,46.0,2023-09-08,16.0
2023-09-09 00:00:00+00:00,41.0,2023-09-09,16.0
2023-09-10 00:00:00+00:00,40.0,2023-09-10,15.0
2023-09-11 00:00:00+00:00,40.0,2023-09-11,15.0
2023-09-12 00:00:00+00:00,30.0,2023-09-12,15.0
2023-09-13 00:00:00+00:00,41.0,2023-09-13,15.0
2023-09-14 00:00:00+00:00,45.0,2023-09-14,15.0
2023-09-15 00:00:00+00:00,45.0,2023-09-15,15.0
2023-09-16 00:00:00+00:00,43.0,2023-09-16,15.0
2023-09-17 00:00:00+00:00,46.0,2023-09-17,16.0
2023-09-18 00:00:00+00:00,46.0,2023-09-18,16.0
2023-09-19 00:00:00+00:00,46.0,2023-09-19,16.0
2023-09-20 00:00:00+00:00,47.0,2023-09-20,16.0
2023-09-21 00:00:00+00:00,47.0,2023-09-21,16.0
2023-09-22 00:00:00+00:00,43.0,2023-09-22,16.0
2023-09-23 00:00:00+00:00,47.0,2023-09-23,16.0
2023-09-24 00:00:00+00:00,44.0,2023-09-24,15.0
2023-09-25 00:00:00+00:00,47.0,2023-09-25,15.0
2023-09-26 00:00:00+00:00,46.0,2023-09-26,15.0
2023-09-27 00:00:00+00:00,44.0,2023-09-27,15.0
2023-09-28 00:00:00+00:00,46.0,2023-09-28,15.0
2023-09-29 00:00:00+00:00,48.0,2023-09-29,15.0
2023-09-30 00:00:00+00:00,47.0,2023-09-30,15.0
2023-10-01 00:00:00+00:00,48.0,2023-10-01,15.0
2023-10-02 00:00:00+00:00,50.0,2023-10-02,15.0
2023-10-03 00:00:00+00:00,50.0,2023-10-03,15.0
2023-10-04 00:00:00+00:00,49.0,2023-10-04,15.0
2023-10-05 00:00:00+00:00,48.0,2023-10-05,15.0
2023-10-06 00:00:00+00:00,50.0,2023-10-06,15.0
2023-10-07 00:00:00+00:00,49.0,2023-10-07,15.0
2023-10-08 00:00:00+00:00,50.0,2023-10-08,15.0
2023-10-09 00:00:00+00:00,50.0,2023-10-09,15.0
2023-10-10 00:00:00+00:00,50.0,2023-10-10,15.0
2023-10-11 00:00:00+00:00,47.0,2023-10-11,15.0
2023-10-12 00:00:00+00:00,45.0,2023-10-12,15.0
2023-10-13 00:00:00+00:00,44.0,2023-10-13,15.0
2023-10-14 00:00:00+00:00,47.0,2023-10-14,15.0
2023-10-15 00:00:00+00:00,45.0,2023-10-15,17.0
2023-10-16 00:00:00+00:00,47.0,2023-10-16,17.0
2023-10-17 00:00:00+00:00,52.0,2023-10-17,17.0
2023-10-18 00:00:00+00:00,50.0,2023-10-18,17.0
2023-10-19 00:00:00+00:00,52.0,2023-10-19,17.0
2023-10-20 00:00:00+00:00,53.0,2023-10-20,17.0
2023-10-21 00:00:00+00:00,63.0,2023-10-21,17.0
2023-10-22 00:00:00+00:00,53.0,2023-10-22,25.0
2023-10-23 00:00:00+00:00,53.0,2023-10-23,25.0
2023-10-24 00:00:00+00:00,66.0,2023-10-24,25.0
2023-10-25 00:00:00+00:00,72.0,2023-10-25,25.0
2023-10-26 00:00:00+00:00,71.0,2023-10-26,25.0
2023-10-27 00:00:00+00:00,70.0,2023-10-27,25.0
2023-10-28 00:00:00+00:00,65.0,2023-10-28,25.0
2023-10-29 00:00:00+00:00,72.0,2023-10-29,20.0
2023-10-30 00:00:00+00:00,68.0,2023-10-30,20.0
2023-10-31 00:00:00+00:00,66.0,2023-10-31,20.0
2023-11-01 00:00:00+00:00,66.0,2023-11-01,20.0
2023-11-02 00:00:00+00:00,72.0,2023-11-02,20.0
2023-11-03 00:00:00+00:00,65.0,2023-11-03,20.0
2023-11-04 00:00:00+00:00,68.0,2023-11-04,20.0
2023-11-05 00:00:00+00:00,70.0,2023-11-05,22.0
2023-11-06 00:00:00+00:00,74.0,2023-11-06,22.0
2023-11-07 00:00:00+00:00,68.0,2023-11-07,22.0
2023-11-08 00:00:00+00:00,66.0,2023-11-08,22.0
2023-11-09 00:00:00+00:00,69.0,2023-11-09,22.0
2023-11-10 00:00:00+00:00,70.0,2023-11-10,22.0
2023-11-11 00:00:00+00:00,70.0,2023-11-11,22.0
2023-11-12 00:00:00+00:00,73.0,2023-11-12,21.0
2023-11-13 00:00:00+00:00,72.0,2023-11-13,21.0
2023-11-14 00:00:00+00:00,69.0,2023-11-14,21.0
2023-11-15 00:00:00+00:00,60.0,2023-11-15,21.0
2023-11-16 00:00:00+00:00,70.0,2023-11-16,21.0
2023-11-17 00:00:00+00:00,63.0,2023-11-17,21.0
2023-11-18 00:00:00+00:00,69.0,2023-11-18,21.0
2023-11-19 00:00:00+00:00,66.0,2023-11-19,19.0
2023-11-20 00:00:00+00:00,69.0,2023-11-20,19.0
2023-11-21 00:00:00+00:00,71.0,2023-11-21,19.0
2023-11-22 00:00:00+00:00,62.0,2023-11-22,19.0
2023-11-23 00:00:00+00:00,66.0,2023-11-23,19.0
2023-11-24 00:00:00+00:00,66.0,2023-11-24,19.0
2023-11-25 00:00:00+00:00,73.0,2023-11-25,19.0
2023-11-26 00:00:00+00:00,73.0,2023-11-26,19.0
2023-11-27 00:00:00+00:00,66.0,2023-11-27,19.0
2023-11-28 00:00:00+00:00,68.0,2023-11-28,19.0
2023-11-29 00:00:00+00:00,72.0,2023-11-29,19.0
2023-11-30 00:00:00+00:00,74.0,2023-11-30,19.0
2023-12-01 00:00:00+00:00,71.0,2023-12-01,19.0
2023-12-02 00:00:00+00:00,74.0,2023-12-02,19.0
2023-12-03 00:00:00+00:00,73.0,2023-12-03,30.0
2023-12-04 00:00:00+00:00,74.0,2023-12-04,30.0
2023-12-05 00:00:00+00:00,75.0,2023-12-05,30.0
2023-12-06 00:00:00+00:00,72.0,2023-12-06,30.0
2023-12-07 00:00:00+00:00,72.0,2023-12-07,30.0
2023-12-08 00:00:00+00:00,72.0,2023-12-08,30.0
2023-12-09 00:00:00+00:00,73.0,2023-12-09,30.0
2023-12-10 00:00:00+00:00,74.0,2023-12-10,23.0
2023-12-11 00:00:00+00:00,74.0,2023-12-11,23.0
2023-12-12 00:00:00+00:00,67.0,2023-12-12,23.0
2023-12-13 00:00:00+00:00,65.0,2023-12-13,23.0
2023-12-14 00:00:00+00:00,72.0,2023-12-14,23.0
2023-12-15 00:00:00+00:00,70.0,2023-12-15,23.0
2023-12-16 00:00:00+00:00,67.0,2023-12-16,23.0
2023-12-17 00:00:00+00:00,73.0,2023-12-17,23.0
2023-12-18 00:00:00+00:00,65.0,2023-12-18,23.0
2023-12-19 00:00:00+00:00,73.0,2023-12-19,23.0
2023-12-20 00:00:00+00:00,74.0,2023-12-20,23.0
2023-12-21 00:00:00+00:00,70.0,2023-12-21,23.0
2023-12-22 00:00:00+00:00,74.0,2023-12-22,23.0
2023-12-23 00:00:00+00:00,70.0,2023-12-23,23.0
2023-12-24 00:00:00+00:00,71.0,2023-12-24,22.0
2023-12-25 00:00:00+00:00,73.0,2023-12-25,22.0
2023-12-26 00:00:00+00:00,71.0,2023-12-26,22.0
2023-12-27 00:00:00+00:00,73.0,2023-12-27,22.0
2023-12-28 00:00:00+00:00,73.0,2023-12-28,22.0
2023-12-29 00:00:00+00:00,65.0,2023-12-29,22.0
2023-12-30 00:00:00+00:00,68.0,2023-12-30,22.0
2023-12-31 00:00:00+00:00,67.0,2023-12-31,27.0
2024-01-01 00:00:00+00:00,65.0,2024-01-01,27.0
2024-01-02 00:00:00+00:00,71.0,2024-01-02,27.0
2024-01-03 00:00:00+00:00,70.0,2024-01-03,27.0
2024-01-04 00:00:00+00:00,68.0,2024-01-04,27.0
2024-01-05 00:00:00+00:00,72.0,2024-01-05,27.0
2024-01-06 00:00:00+00:00,70.0,2024-01-06,27.0
2024-01-07 00:00:00+00:00,71.0,2024-01-07,42.0
2024-01-08 00:00:00+00:00,71.0,2024-01-08,42.0
2024-01-09 00:00:00+00:00,76.0,2024-01-09,42.0
2024-01-10 00:00:00+00:00,73.0,2024-01-10,42.0
2024-01-11 00:00:00+00:00,76.0,2024-01-11,42.0
2024-01-12 00:00:00+00:00,71.0,2024-01-12,42.0
2024-01-13 00:00:00+00:00,64.0,2024-01-13,42.0
2024-01-14 00:00:00+00:00,60.0,2024-01-14,24.0
2024-01-15 00:00:00+00:00,52.0,2024-01-15,24.0
2024-01-16 00:00:00+00:00,64.0,2024-01-16,24.0
2024-01-17 00:00:00+00:00,60.0,2024-01-17,24.0
2024-01-18 00:00:00+00:00,63.0,2024-01-18,24.0
2024-01-19 00:00:00+00:00,51.0,2024-01-19,24.0
2024-01-20 00:00:00+00:00,52.0,2024-01-20,24.0
2024-01-21 00:00:00+00:00,56.0,2024-01-21,22.0
2024-01-22 00:00:00+00:00,55.0,2024-01-22,22.0
2024-01-23 00:00:00+00:00,50.0,2024-01-23,22.0
2024-01-24 00:00:00+00:00,48.0,2024-01-24,22.0
2024-01-25 00:00:00+00:00,52.0,2024-01-25,22.0
2024-01-26 00:00:00+00:00,49.0,2024-01-26,22.0
2024-01-27 00:00:00+00:00,55.0,2024-01-27,22.0
2024-01-28 00:00:00+00:00,54.0,2024-01-28,19.0
2024-01-29 00:00:00+00:00,55.0,2024-01-29,19.0
2024-01-30 00:00:00+00:00,61.0,2024-01-30,19.0
2024-01-31 00:00:00+00:00,60.0,2024-01-31,19.0
2024-02-01 00:00:00+00:00,63.0,2024-02-01,19.0
2024-02-02 00:00:00+00:00,63.0,2024-02-02,19.0
2024-02-03 00:00:00+00:00,60.0,2024-02-03,19.0
2024-02-04 00:00:00+00:00,60.0,2024-02-04,19.0
2024-02-05 00:00:00+00:00,60.0,2024-02-05,19.0
2024-02-06 00:00:00+00:00,64.0,2024-02-06,19.0
2024-02-07 00:00:00+00:00,62.0,2024-02-07,19.0
2024-02-08 00:00:00+00:00,66.0,2024-02-08,19.0
2024-02-09 00:00:00+00:00,72.0,2024-02-09,19.0
2024-02-10 00:00:00+00:00,74.0,2024-02-10,19.0
2024-02-11 00:00:00+00:00,71.0,2024-02-11,28.0
2024-02-12 00:00:00+00:00,70.0,2024-02-12,28.0
2024-02-13 00:00:00+00:00,79.0,2024-02-13,28.0
2024-02-14 00:00:00+00:00,74.0,2024-02-14,28.0
2024-02-15 00:00:00+00:00,72.0,2024-02-15,28.0
2024-02-16 00:00:00+00:00,72.0,2024-02-16,28.0
2024-02-17 00:00:00+00:00,76.0,2024-02-17,28.0
2024-02-18 00:00:00+00:00,72.0,2024-02-18,22.0
2024-02-19 00:00:00+00:00,75.0,2024-02-19,22.0
2024-02-20 00:00:00+00:00,72.0,2024-02-20,22.0
2024-02-21 00:00:00+00:00,78.0,2024-02-21,22.0
2024-02-22 00:00:00+00:00,74.0,2024-02-22,22.0
2024-02-23 00:00:00+00:00,76.0,2024-02-23,22.0
2024-02-24 00:00:00+00:00,72.0,2024-02-24,22.0
2024-02-25 00:00:00+00:00,74.0,2024-02-25,41.0
2024-02-26 00:00:00+00:00,72.0,2024-02-26,41.0
2024-02-27 00:00:00+00:00,79.0,2024-02-27,41.0
2024-02-28 00:00:00+00:00,82.0,2024-02-28,41.0
2024-02-29 00:00:00+00:00,80.0,2024-02-29,41.0
2024-03-01 00:00:00+00:00,80.0,2024-03-01,41.0
2024-03-02 00:00:00+00:00,80.0,2024-03-02,41.0
2024-03-03 00:00:00+00:00,83.0,2024-03-03,51.0
2024-03-04 00:00:00+00:00,82.0,2024-03-04,51.0
2024-03-05 00:00:00+00:00,90.0,2024-03-05,51.0
2024-03-06 00:00:00+00:00,75.0,2024-03-06,51.0
2024-03-07 00:00:00+00:00,82.0,2024-03-07,51.0
2024-03-08 00:00:00+00:00,81.0,2024-03-08,51.0
2024-03-09 00:00:00+00:00,84.0,2024-03-09,51.0
2024-03-10 00:00:00+00:00,79.0,2024-03-10,44.0
2024-03-11 00:00:00+00:00,82.0,2024-03-11,44.0
2024-03-12 00:00:00+00:00,81.0,2024-03-12,44.0
2024-03-13 00:00:00+00:00,81.0,2024-03-13,44.0
2024-03-14 00:00:00+00:00,88.0,2024-03-14,44.0
2024-03-15 00:00:00+00:00,83.0,2024-03-15,44.0
2024-03-16 00:00:00+00:00,81.0,2024-03-16,44.0
2024-03-17 00:00:00+00:00,79.0,2024-03-17,37.0
2024-03-18 00:00:00+00:00,77.0,2024-03-18,37.0
2024-03-19 00:00:00+00:00,79.0,2024-03-19,37.0
2024-03-20 00:00:00+00:00,74.0,2024-03-20,37.0
2024-03-21 00:00:00+00:00,78.0,2024-03-21,37.0
2024-03-22 00:00:00+00:00,75.0,2024-03-22,37.0
2024-03-23 00:00:00+00:00,73.0,2024-03-23,37.0
2024-03-24 00:00:00+00:00,74.0,2024-03-24,34.0
2024-03-25 00:00:00+00:00,75.0,2024-03-25,34.0
2024-03-26 00:00:00+00:00,81.0,2024-03-26,34.0
2024-03-27 00:00:00+00:00,83.0,2024-03-27,34.0
2024-03-28 00:00:00+00:00,80.0,2024-03-28,34.0
2024-03-29 00:00:00+00:00,79.0,2024-03-29,34.0
2024-03-30 00:00:00+00:00,75.0,2024-03-30,34.0
2024-03-31 00:00:00+00:00,75.0,2024-03-31,29.0
2024-04-01 00:00:00+00:00,79.0,2024-04-01,29.0
2024-04-02 00:00:00+00:00,79.0,2024-04-02,29.0
2024-04-03 00:00:00+00:00,71.0,2024-04-03,29.0
2024-04-04 00:00:00+00:00,70.0,2024-04-04,29.0
2024-04-05 00:00:00+00:00,79.0,2024-04-05,29.0
2024-04-06 00:00:00+00:00,75.0,2024-04-06,29.0
2024-04-07 00:00:00+00:00,78.0,2024-04-07,30.0
2024-04-08 00:00:00+00:00,76.0,2024-04-08,30.0
2024-04-09 00:00:00+00:00,80.0,2024-04-09,30.0
2024-04-10 00:00:00+00:00,78.0,2024-04-10,30.0
2024-04-11 00:00:00+00:00,76.0,2024-04-11,30.0
2024-04-12 00:00:00+00:00,79.0,2024-04-12,30.0
2024-04-13 00:00:00+00:00,72.0,2024-04-13,30.0
2024-04-14 00:00:00+00:00,72.0,2024-04-14,41.0
2024-04-15 00:00:00+00:00,74.0,2024-04-15,41.0
2024-04-16 00:00:00+00:00,65.0,2024-04-16,41.0
2024-04-17 00:00:00+00:00,67.0,2024-04-17,41.0
2024-04-18 00:00:00+00:00,57.0,2024-04-18,41.0
2024-04-19 00:00:00+00:00,66.0,2024-04-19,41.0
2024-04-20 00:00:00+00:00,66.0,2024-04-20,41.0
2024-04-21 00:00:00+00:00,72.0,2024-04-21,25.0
2024-04-22 00:00:00+00:00,73.0,2024-04-22,25.0
2024-04-23 00:00:00+00:00,71.0,2024-04-23,25.0
2024-04-24 00:00:00+00:00,72.0,2024-04-24,25.0
2024-04-25 00:00:00+00:00,72.0,2024-04-25,25.0
2024-04-26 00:00:00+00:00,70.0,2024-04-26,25.0
2024-04-27 00:00:00+00:00,67.0,2024-04-27,25.0
2024-04-28 00:00:00+00:00,65.0,2024-04-28,26.0
2024-04-29 00:00:00+00:00,67.0,2024-04-29,26.0
2024-04-30 00:00:00+00:00,67.0,2024-04-30,26.0
2024-05-01 00:00:00+00:00,54.0,2024-05-01,26.0
2024-05-02 00:00:00+00:00,43.0,2024-05-02,26.0
2024-05-03 00:00:00+00:00,48.0,2024-05-03,26.0
2024-05-04 00:00:00+00:00,67.0,2024-05-04,26.0
2024-05-05 00:00:00+00:00,69.0,2024-05-05,21.0
2024-05-06 00:00:00+00:00,71.0,2024-05-06,21.0
2024-05-07 00:00:00+00:00,68.0,2024-05-07,21.0
2024-05-08 00:00:00+00:00,64.0,2024-05-08,21.0
2024-05-09 00:00:00+00:00,55.0,2024-05-09,21.0
2024-05-10 00:00:00+00:00,66.0,2024-05-10,21.0
2024-05-11 00:00:00+00:00,53.0,2024-05-11,21.0
2024-05-12 00:00:00+00:00,56.0,2024-05-12,20.0
2024-05-13 00:00:00+00:00,57.0,2024-05-13,20.0
2024-05-14 00:00:00+00:00,66.0,2024-05-14,20.0
2024-05-15 00:00:00+00:00,64.0,2024-05-15,20.0
2024-05-16 00:00:00+00:00,70.0,2024-05-16,20.0
2024-05-17 00:00:00+00:00,74.0,2024-05-17,20.0
2024-05-18 00:00:00+00:00,73.0,2024-05-18,20.0
2024-05-19 00:00:00+00:00,72.0,2024-05-19,24.0
2024-05-20 00:00:00+00:00,70.0,2024-05-20,24.0
2024-05-21 00:00:00+00:00,76.0,2024-05-21,24.0
2024-05-22 00:00:00+00:00,76.0,2024-05-22,24.0
2024-05-23 00:00:00+00:00,76.0,2024-05-23,24.0
2024-05-24 00:00:00+00:00,74.0,2024-05-24,24.0
2024-05-25 00:00:00+00:00,76.0,2024-05-25,24.0
2024-05-26 00:00:00+00:00,75.0,2024-05-26,18.0
2024-05-27 00:00:00+00:00,74.0,2024-05-27,18.0
2024-05-28 00:00:00+00:00,72.0,2024-05-28,18.0
2024-05-29 00:00:00+00:00,72.0,2024-05-29,18.0
2024-05-30 00:00:00+00:00,73.0,2024-05-30,18.0
2024-05-31 00:00:00+00:00,73.0,2024-05-31,18.0
2024-06-01 00:00:00+00:00,72.0,2024-06-01,18.0
2024-06-02 00:00:00+00:00,73.0,2024-06-02,20.0
2024-06-03 00:00:00+00:00,73.0,2024-06-03,20.0
2024-06-04 00:00:00+00:00,73.0,2024-06-04,20.0
2024-06-05 00:00:00+00:00,75.0,2024-06-05,20.0
2024-06-06 00:00:00+00:00,78.0,2024-06-06,20.0
2024-06-07 00:00:00+00:00,77.0,2024-06-07,20.0
2024-06-08 00:00:00+00:00,72.0,2024-06-08,20.0
2024-06-09 00:00:00+00:00,75.0,2024-06-09,19.0
2024-06-10 00:00:00+00:00,72.0,2024-06-10,19.0
2024-06-11 00:00:00+00:00,74.0,2024-06-11,19.0
2024-06-12 00:00:00+00:00,72.0,2024-06-12,19.0
2024-06-13 00:00:00+00:00,70.0,2024-06-13,19.0
2024-06-14 00:00:00+00:00,74.0,2024-06-14,19.0
2024-06-15 00:00:00+00:00,74.0,2024-06-15,19.0
2024-06-16 00:00:00+00:00,71.0,2024-06-16,17.0
2024-06-17 00:00:00+00:00,71.0,2024-06-17,17.0
2024-06-18 00:00:00+00:00,74.0,2024-06-18,17.0
2024-06-19 00:00:00+00:00,64.0,2024-06-19,17.0
2024-06-20 00:00:00+00:00,60.0,2024-06-20,17.0
2024-06-21 00:00:00+00:00,63.0,2024-06-21,17.0
2024-06-22 00:00:00+00:00,53.0,2024-06-22,17.0
2024-06-23 00:00:00+00:00,55.0,2024-06-23,19.0
2024-06-24 00:00:00+00:00,51.0,2024-06-24,19.0
2024-06-25 00:00:00+00:00,30.0,2024-06-25,19.0
2024-06-26 00:00:00+00:00,46.0,2024-06-26,19.0
2024-06-27 00:00:00+00:00,40.0,2024-06-27,19.0
2024-06-28 00:00:00+00:00,47.0,2024-06-28,19.0
2024-06-29 00:00:00+00:00,30.0,2024-06-29,19.0
2024-06-30 00:00:00+00:00,47.0,2024-06-30,21.0
2024-07-01 00:00:00+00:00,53.0,2024-07-01,21.0
2024-07-02 00:00:00+00:00,51.0,2024-07-02,21.0
2024-07-03 00:00:00+00:00,50.0,2024-07-03,21.0
2024-07-04 00:00:00+00:00,44.0,2024-07-04,21.0
2024-07-05 00:00:00+00:00,29.0,2024-07-05,21.0
2024-07-06 00:00:00+00:00,26.0,2024-07-06,21.0
2024-07-07 00:00:00+00:00,29.0,2024-07-07,21.0
2024-07-08 00:00:00+00:00,28.0,2024-07-08,21.0
2024-07-09 00:00:00+00:00,27.0,2024-07-09,21.0
2024-07-10 00:00:00+00:00,28.0,2024-07-10,21.0
2024-07-11 00:00:00+00:00,29.0,2024-07-11,21.0
2024-07-12 00:00:00+00:00,25.0,2024-07-12,21.0
2024-07-13 00:00:00+00:00,25.0,2024-07-13,21.0
2024-07-14 00:00:00+00:00,33.0,2024-07-14,23.0
2024-07-15 00:00:00+00:00,52.0,2024-07-15,23.0
2024-07-16 00:00:00+00:00,65.0,2024-07-16,23.0
2024-07-17 00:00:00+00:00,69.0,2024-07-17,23.0
2024-07-18 00:00:00+00:00,61.0,2024-07-18,23.0
2024-07-19 00:00:00+00:00,60.0,2024-07-19,23.0
2024-07-20 00:00:00+00:00,74.0,2024-07-20,23.0
2024-07-21 00:00:00+00:00,74.0,2024-07-21,22.0
2024-07-22 00:00:00+00:00,70.0,2024-07-22,22.0
2024-07-23 00:00:00+00:00,71.0,2024-07-23,22.0
2024-07-24 00:00:00+00:00,69.0,2024-07-24,22.0
2024-07-25 00:00:00+00:00,68.0,2024-07-25,22.0
2024-07-26 00:00:00+00:00,68.0,2024-07-26,22.0
2024-07-27 00:00:00+00:00,72.0,2024-07-27,22.0
2024-07-28 00:00:00+00:00,71.0,2024-07-28,21.0
2024-07-29 00:00:00+00:00,74.0,2024-07-29,21.0
2024-07-30 00:00:00+00:00,67.0,2024-07-30,21.0
2024-07-31 00:00:00+00:00,61.0,2024-07-31,21.0
2024-08-01 00:00:00+00:00,52.0,2024-08-01,21.0
2024-08-02 00:00:00+00:00,57.0,2024-08-02,21.0
2024-08-03 00:00:00+00:00,37.0,2024-08-03,21.0
2024-08-04 00:00:00+00:00,34.0,2024-08-04,32.0
2024-08-05 00:00:00+00:00,26.0,2024-08-05,32.0
2024-08-06 00:00:00+00:00,17.0,2024-08-06,32.0
2024-08-07 00:00:00+00:00,29.0,2024-08-07,32.0
2024-08-08 00:00:00+00:00,20.0,2024-08-08,32.0
2024-08-09 00:00:00+00:00,48.0,2024-08-09,32.0
2024-08-10 00:00:00+00:00,40.0,2024-08-10,32.0
2024-08-11 00:00:00+00:00,39.0,2024-08-11,20.0
2024-08-12 00:00:00+00:00,25.0,2024-08-12,20.0
2024-08-13 00:00:00+00:00,31.0,2024-08-13,20.0
2024-08-14 00:00:00+00:00,30.0,2024-08-14,20.0
2024-08-15 00:00:00+00:00,29.0,2024-08-15,20.0
2024-08-16 00:00:00+00:00,27.0,2024-08-16,20.0
2024-08-17 00:00:00+00:00,25.0,2024-08-17,20.0
2024-08-18 00:00:00+00:00,31.0,2024-08-18,19.0
2024-08-19 00:00:00+00:00,28.0,2024-08-19,19.0
2024-08-20 00:00:00+00:00,30.0,2024-08-20,19.0
2024-08-21 00:00:00+00:00,26.0,2024-08-21,19.0
2024-08-22 00:00:00+00:00,39.0,2024-08-22,19.0
2024-08-23 00:00:00+00:00,34.0,2024-08-23,19.0
2024-08-24 00:00:00+00:00,56.0,2024-08-24,19.0
2024-08-25 00:00:00+00:00,54.0,2024-08-25,18.0
2024-08-26 00:00:00+00:00,55.0,2024-08-26,18.0
2024-08-27 00:00:00+00:00,48.0,2024-08-27,18.0
2024-08-28 00:00:00+00:00,30.0,2024-08-28,18.0
2024-08-29 00:00:00+00:00,29.0,2024-08-29,18.0
2024-08-30 00:00:00+00:00,34.0,2024-08-30,18.0
2024-08-31 00:00:00+00:00,29.0,2024-08-31,18.0
2024-09-01 00:00:00+00:00,26.0,2024-09-01,18.0
2024-09-02 00:00:00+00:00,26.0,2024-09-02,18.0
2024-09-03 00:00:00+00:00,26.0,2024-09-03,18.0
2024-09-04 00:00:00+00:00,27.0,2024-09-04,18.0
2024-09-05 00:00:00+00:00,29.0,2024-09-05,18.0
2024-09-06 00:00:00+00:00,22.0,2024-09-06,18.0
2024-09-07 00:00:00+00:00,23.0,2024-09-07,18.0
2024-09-08 00:00:00+00:00,29.0,2024-09-08,18.0
2024-09-09 00:00:00+00:00,26.0,2024-09-09,18.0
2024-09-10 00:00:00+00:00,33.0,2024-09-10,18.0
2024-09-11 00:00:00+00:00,37.0,2024-09-11,18.0
2024-09-12 00:00:00+00:00,31.0,2024-09-12,18.0
2024-09-13 00:00:00+00:00,32.0,2024-09-13,18.0
2024-09-14 00:00:00+00:00,50.0,2024-09-14,18.0
2024-09-15 00:00:00+00:00,51.0,2024-09-15,18.0
2024-09-16 00:00:00+00:00,39.0,2024-09-16,18.0
2024-09-17 00:00:00+00:00,33.0,2024-09-17,18.0
2024-09-18 00:00:00+00:00,45.0,2024-09-18,18.0
2024-09-19 00:00:00+00:00,49.0,2024-09-19,18.0
2024-09-20 00:00:00+00:00,54.0,2024-09-20,18.0
2024-09-21 00:00:00+00:00,54.0,2024-09-21,18.0
2024-09-22 00:00:00+00:00,52.0,2024-09-22,18.0
2024-09-23 00:00:00+00:00,50.0,2024-09-23,18.0
2024-09-24 00:00:00+00:00,54.0,2024-09-24,18.0
2024-09-25 00:00:00+00:00,59.0,2024-09-25,18.0
2024-09-26 00:00:00+00:00,50.0,2024-09-26,18.0
2024-09-27 00:00:00+00:00,61.0,2024-09-27,18.0
2024-09-28 00:00:00+00:00,64.0,2024-09-28,18.0
2024-09-29 00:00:00+00:00,63.0,2024-09-29,17.0
2024-09-30 00:00:00+00:00,61.0,2024-09-30,17.0
2024-10-01 00:00:00+00:00,50.0,2024-10-01,17.0
2024-10-02 00:00:00+00:00,42.0,2024-10-02,17.0
2024-10-03 00:00:00+00:00,37.0,2024-10-03,17.0
2024-10-04 00:00:00+00:00,41.0,2024-10-04,17.0
2024-10-05 00:00:00+00:00,49.0,2024-10-05,17.0
2024-10-06 00:00:00+00:00,50.0,2024-10-06,17.0
2024-10-07 00:00:00+00:00,50.0,2024-10-07,17.0
2024-10-08 00:00:00+00:00,49.0,2024-10-08,17.0
2024-10-09 00:00:00+00:00,49.0,2024-10-09,17.0
2024-10-10 00:00:00+00:00,39.0,2024-10-10,17.0
2024-10-11 00:00:00+00:00,32.0,2024-10-11,17.0
2024-10-12 00:00:00+00:00,49.0,2024-10-12,17.0
2024-10-13 00:00:00+00:00,50.0,2024-10-13,17.0
2024-10-14 00:00:00+00:00,48.0,2024-10-14,17.0
2024-10-15 00:00:00+00:00,65.0,2024-10-15,17.0
2024-10-16 00:00:00+00:00,73.0,2024-10-16,17.0
2024-10-17 00:00:00+00:00,71.0,2024-10-17,17.0
2024-10-18 00:00:00+00:00,73.0,2024-10-18,17.0
2024-10-19 00:00:00+00:00,72.0,2024-10-19,17.0
2024-10-20 00:00:00+00:00,73.0,2024-10-20,17.0
2024-10-21 00:00:00+00:00,72.0,2024-10-21,17.0
2024-10-22 00:00:00+00:00,70.0,2024-10-22,17.0
2024-10-23 00:00:00+00:00,71.0,2024-10-23,17.0
2024-10-24 00:00:00+00:00,69.0,2024-10-24,17.0
2024-10-25 00:00:00+00:00,72.0,2024-10-25,17.0
2024-10-27 00:00:00+00:00,74.0,2024-10-27,21.0
2024-10-28 00:00:00+00:00,72.0,2024-10-28,21.0
2024-10-29 00:00:00+00:00,72.0,2024-10-29,21.0
2024-10-30 00:00:00+00:00,77.0,2024-10-30,21.0
2024-10-31 00:00:00+00:00,77.0,2024-10-31,21.0
2024-11-01 00:00:00+00:00,75.0,2024-11-01,21.0
2024-11-02 00:00:00+00:00,72.0,2024-11-02,21.0
2024-11-03 00:00:00+00:00,74.0,2024-11-03,34.0
2024-11-04 00:00:00+00:00,70.0,2024-11-04,34.0
2024-11-05 00:00:00+00:00,70.0,2024-11-05,34.0
2024-11-06 00:00:00+00:00,70.0,2024-11-06,34.0
2024-11-07 00:00:00+00:00,77.0,2024-11-07,34.0
2024-11-08 00:00:00+00:00,75.0,2024-11-08,34.0
2024-11-09 00:00:00+00:00,75.0,2024-11-09,34.0
2024-11-10 00:00:00+00:00,78.0,2024-11-10,62.0
2024-11-11 00:00:00+00:00,76.0,2024-11-11,62.0
2024-11-12 00:00:00+00:00,80.0,2024-11-12,62.0
2024-11-13 00:00:00+00:00,84.0,2024-11-13,62.0
2024-11-14 00:00:00+00:00,88.0,2024-11-14,62.0
2024-11-15 00:00:00+00:00,80.0,2024-11-15,62.0
2024-11-16 00:00:00+00:00,86.0,2024-11-16,62.0
2024-11-17 00:00:00+00:00,90.0,2024-11-17,52.0
2024-11-18 00:00:00+00:00,83.0,2024-11-18,52.0
2024-11-19 00:00:00+00:00,90.0,2024-11-19,52.0
2024-11-20 00:00:00+00:00,83.0,2024-11-20,52.0
2024-11-21 00:00:00+00:00,82.0,2024-11-21,52.0
2024-11-22 00:00:00+00:00,94.0,2024-11-22,52.0
2024-11-23 00:00:00+00:00,93.0,2024-11-23,52.0
2024-11-24 00:00:00+00:00,80.0,2024-11-24,40.0
2024-11-25 00:00:00+00:00,82.0,2024-11-25,40.0
2024-11-26 00:00:00+00:00,79.0,2024-11-26,40.0
2024-11-27 00:00:00+00:00,75.0,2024-11-27,40.0
2024-11-28 00:00:00+00:00,77.0,2024-11-28,40.0
2024-11-29 00:00:00+00:00,78.0,2024-11-29,40.0
2024-11-30 00:00:00+00:00,84.0,2024-11-30,40.0
2024-12-01 00:00:00+00:00,81.0,2024-12-01,49.0
2024-12-02 00:00:00+00:00,80.0,2024-12-02,49.0
2024-12-03 00:00:00+00:00,76.0,2024-12-03,49.0
2024-12-04 00:00:00+00:00,78.0,2024-12-04,49.0
2024-12-05 00:00:00+00:00,84.0,2024-12-05,49.0
2024-12-06 00:00:00+00:00,72.0,2024-12-06,49.0
2024-12-07 00:00:00+00:00,75.0,2024-12-07,49.0
2024-12-08 00:00:00+00:00,79.0,2024-12-08,38.0
2024-12-09 00:00:00+00:00,78.0,2024-12-09,38.0
2024-12-10 00:00:00+00:00,78.0,2024-12-10,38.0
2024-12-11 00:00:00+00:00,74.0,2024-12-11,38.0
2024-12-12 00:00:00+00:00,83.0,2024-12-12,38.0
2024-12-13 00:00:00+00:00,76.0,2024-12-13,38.0
2024-12-14 00:00:00+00:00,83.0,2024-12-14,38.0
2024-12-15 00:00:00+00:00,80.0,2024-12-15,43.0
2024-12-16 00:00:00+00:00,83.0,2024-12-16,43.0
2024-12-17 00:00:00+00:00,87.0,2024-12-17,43.0
2024-12-18 00:00:00+00:00,81.0,2024-12-18,43.0
2024-12-19 00:00:00+00:00,75.0,2024-12-19,43.0
2024-12-20 00:00:00+00:00,74.0,2024-12-20,43.0
2024-12-21 00:00:00+00:00,73.0,2024-12-21,43.0
2024-12-22 00:00:00+00:00,73.0,2024-12-22,34.0
2024-12-23 00:00:00+00:00,70.0,2024-12-23,34.0
2024-12-24 00:00:00+00:00,73.0,2024-12-24,34.0
2024-12-25 00:00:00+00:00,73.0,2024-12-25,34.0
2024-12-26 00:00:00+00:00,79.0,2024-12-26,34.0
2024-12-27 00:00:00+00:00,74.0,2024-12-27,34.0
2024-12-28 00:00:00+00:00,72.0,2024-12-28,34.0
2024-12-29 00:00:00+00:00,73.0,2024-12-29,31.0
2024-12-30 00:00:00+00:00,65.0,2024-12-30,31.0
2024-12-31 00:00:00+00:00,64.0,2024-12-31,31.0
2025-01-01 00:00:00+00:00,66.0,2025-01-01,31.0
2025-01-02 00:00:00+00:00,70.0,2025-01-02,31.0
2025-01-03 00:00:00+00:00,74.0,2025-01-03,31.0
2025-01-04 00:00:00+00:00,73.0,2025-01-04,31.0
2025-01-05 00:00:00+00:00,72.0,2025-01-05,31.0
2025-01-06 00:00:00+00:00,76.0,2025-01-06,31.0
2025-01-07 00:00:00+00:00,78.0,2025-01-07,31.0
2025-01-08 00:00:00+00:00,70.0,2025-01-08,31.0
2025-01-09 00:00:00+00:00,69.0,2025-01-09,31.0
2025-01-10 00:00:00+00:00,50.0,2025-01-10,31.0
2025-01-11 00:00:00+00:00,69.0,2025-01-11,31.0
2025-01-12 00:00:00+00:00,62.0,2025-01-12,29.0
2025-01-13 00:00:00+00:00,61.0,2025-01-13,29.0
2025-01-14 00:00:00+00:00,63.0,2025-01-14,29.0
2025-01-15 00:00:00+00:00,70.0,2025-01-15,29.0
2025-01-16 00:00:00+00:00,75.0,2025-01-16,29.0
2025-01-17 00:00:00+00:00,75.0,2025-01-17,29.0
2025-01-18 00:00:00+00:00,77.0,2025-01-18,29.0
2025-01-19 00:00:00+00:00,77.0,2025-01-19,38.0
2025-01-20 00:00:00+00:00,76.0,2025-01-20,38.0
2025-01-21 00:00:00+00:00,76.0,2025-01-21,38.0
2025-01-22 00:00:00+00:00,84.0,2025-01-22,38.0
2025-01-23 00:00:00+00:00,75.0,2025-01-23,38.0
2025-01-24 00:00:00+00:00,75.0,2025-01-24,38.0
2025-01-25 00:00:00+00:00,75.0,2025-01-25,38.0
2025-01-26 00:00:00+00:00,73.0,2025-01-26,29.0
2025-01-27 00:00:00+00:00,71.0,2025-01-27,29.0
2025-01-28 00:00:00+00:00,72.0,2025-01-28,29.0
2025-01-29 00:00:00+00:00,72.0,2025-01-29,29.0
2025-01-30 00:00:00+00:00,70.0,2025-01-30,29.0
2025-01-31 00:00:00+00:00,76.0,2025-01-31,29.0
2025-02-01 00:00:00+00:00,68.0,2025-02-01,29.0
2025-02-02 00:00:00+00:00,60.0,2025-02-02,31.0
2025-02-03 00:00:00+00:00,44.0,2025-02-03,31.0
2025-02-04 00:00:00+00:00,72.0,2025-02-04,31.0
2025-02-05 00:00:00+00:00,54.0,2025-02-05,31.0
2025-02-06 00:00:00+00:00,49.0,2025-02-06,31.0
2025-02-07 00:00:00+00:00,44.0,2025-02-07,31.0
2025-02-08 00:00:00+00:00,44.0,2025-02-08,31.0
2025-02-09 00:00:00+00:00,46.0,2025-02-09,22.0
2025-02-10 00:00:00+00:00,43.0,2025-02-10,22.0
2025-02-11 00:00:00+00:00,47.0,2025-02-11,22.0
2025-02-12 00:00:00+00:00,46.0,2025-02-12,22.0
2025-02-13 00:00:00+00:00,50.0,2025-02-13,22.0
2025-02-14 00:00:00+00:00,48.0,2025-02-14,22.0
2025-02-15 00:00:00+00:00,50.0,2025-02-15,22.0
2025-02-16 00:00:00+00:00,54.0,2025-02-16,21.0
2025-02-17 00:00:00+00:00,51.0,2025-02-17,21.0
2025-02-18 00:00:00+00:00,47.0,2025-02-18,21.0
2025-02-19 00:00:00+00:00,44.0,2025-02-19,21.0
2025-02-20 00:00:00+00:00,49.0,2025-02-20,21.0
2025-02-21 00:00:00+00:00,55.0,2025-02-21,21.0
2025-02-22 00:00:00+00:00,49.0,2025-02-22,21.0
2025-02-23 00:00:00+00:00,50.0,2025-02-23,33.0
2025-02-24 00:00:00+00:00,49.0,2025-02-24,33.0
2025-02-25 00:00:00+00:00,25.0,2025-02-25,33.0
2025-02-26 00:00:00+00:00,21.0,2025-02-26,33.0
2025-02-27 00:00:00+00:00,10.0,2025-02-27,33.0
2025-02-28 00:00:00+00:00,16.0,2025-02-28,33.0
2025-03-01 00:00:00+00:00,20.0,2025-03-01,33.0
2025-03-02 00:00:00+00:00,26.0,2025-03-02,34.0
2025-03-03 00:00:00+00:00,33.0,2025-03-03,34.0
2025-03-04 00:00:00+00:00,15.0,2025-03-04,34.0
2025-03-05 00:00:00+00:00,20.0,2025-03-05,34.0
2025-03-06 00:00:00+00:00,25.0,2025-03-06,34.0
2025-03-07 00:00:00+00:00,34.0,2025-03-07,34.0
2025-03-08 00:00:00+00:00,28.0,2025-03-08,34.0
2025-03-09 00:00:00+00:00,27.0,2025-03-09,30.0
2025-03-10 00:00:00+00:00,20.0,2025-03-10,30.0
2025-03-11 00:00:00+00:00,24.0,2025-03-11,30.0
2025-03-12 00:00:00+00:00,34.0,2025-03-12,30.0
2025-03-13 00:00:00+00:00,45.0,2025-03-13,30.0
2025-03-14 00:00:00+00:00,27.0,2025-03-14,30.0
2025-03-15 00:00:00+00:00,46.0,2025-03-15,30.0
2025-03-16 00:00:00+00:00,30.0,2025-03-16,22.0
2025-03-17 00:00:00+00:00,32.0,2025-03-17,22.0
2025-03-18 00:00:00+00:00,34.0,2025-03-18,22.0
2025-03-19 00:00:00+00:00,32.0,2025-03-19,22.0
2025-03-20 00:00:00+00:00,49.0,2025-03-20,22.0
2025-03-21 00:00:00+00:00,31.0,2025-03-21,22.0
2025-03-22 00:00:00+00:00,32.0,2025-03-22,22.0
2025-03-23 00:00:00+00:00,30.0,2025-03-23,21.0
2025-03-24 00:00:00+00:00,45.0,2025-03-24,21.0
2025-03-25 00:00:00+00:00,46.0,2025-03-25,21.0
2025-03-26 00:00:00+00:00,47.0,2025-03-26,21.0
2025-03-27 00:00:00+00:00,40.0,2025-03-27,21.0
2025-03-28 00:00:00+00:00,44.0,2025-03-28,21.0
2025-03-29 00:00:00+00:00,26.0,2025-03-29,21.0
2025-03-30 00:00:00+00:00,32.0,2025-03-30,24.0
2025-03-31 00:00:00+00:00,34.0,2025-03-31,24.0
2025-04-01 00:00:00+00:00,34.0,2025-04-01,24.0
2025-04-02 00:00:00+00:00,44.0,2025-04-02,24.0
2025-04-03 00:00:00+00:00,25.0,2025-04-03,24.0
2025-04-04 00:00:00+00:00,28.0,2025-04-04,24.0
2025-04-05 00:00:00+00:00,30.0,2025-04-05,24.0
2025-04-06 00:00:00+00:00,34.0,2025-04-06,29.0
2025-04-07 00:00:00+00:00,23.0,2025-04-07,29.0
2025-04-08 00:00:00+00:00,24.0,2025-04-08,29.0
2025-04-09 00:00:00+00:00,18.0,2025-04-09,29.0
2025-04-10 00:00:00+00:00,39.0,2025-04-10,29.0
2025-04-11 00:00:00+00:00,25.0,2025-04-11,29.0
2025-04-12 00:00:00+00:00,43.0,2025-04-12,29.0
2025-04-13 00:00:00+00:00,45.0,2025-04-13,19.0
2025-04-14 00:00:00+00:00,31.0,2025-04-14,19.0
2025-04-15 00:00:00+00:00,38.0,2025-04-15,19.0
2025-04-16 00:00:00+00:00,29.0,2025-04-16,19.0
2025-04-17 00:00:00+00:00,30.0,2025-04-17,19.0
2025-04-18 00:00:00+00:00,33.0,2025-04-18,19.0
2025-04-19 00:00:00+00:00,32.0,2025-04-19,19.0
2025-04-20 00:00:00+00:00,37.0,2025-04-20,22.0
2025-04-21 00:00:00+00:00,39.0,2025-04-21,22.0
2025-04-22 00:00:00+00:00,47.0,2025-04-22,22.0
2025-04-23 00:00:00+00:00,72.0,2025-04-23,22.0
2025-04-24 00:00:00+00:00,63.0,2025-04-24,22.0
2025-04-25 00:00:00+00:00,60.0,2025-04-25,22.0
2025-04-26 00:00:00+00:00,65.0,2025-04-26,22.0
2025-04-27 00:00:00+00:00,61.0,2025-04-27,18.0
2025-04-28 00:00:00+00:00,54.0,2025-04-28,18.0
2025-04-29 00:00:00+00:00,60.0,2025-04-29,18.0
2025-04-30 00:00:00+00:00,56.0,2025-04-30,18.0
2025-05-01 00:00:00+00:00,53.0,2025-05-01,18.0
2025-05-02 00:00:00+00:00,67.0,2025-05-02,18.0
2025-05-03 00:00:00+00:00,65.0,2025-05-03,18.0
2025-05-04 00:00:00+00:00,64.0,2025-05-04,22.0
2025-05-05 00:00:00+00:00,52.0,2025-05-05,22.0
2025-05-06 00:00:00+00:00,59.0,2025-05-06,22.0
2025-05-07 00:00:00+00:00,67.0,2025-05-07,22.0
2025-05-08 00:00:00+00:00,65.0,2025-05-08,22.0
2025-05-09 00:00:00+00:00,73.0,2025-05-09,22.0
2025-05-10 00:00:00+00:00,70.0,2025-05-10,22.0
2025-05-11 00:00:00+00:00,70.0,2025-05-11,22.0
2025-05-12 00:00:00+00:00,70.0,2025-05-12,22.0
2025-05-13 00:00:00+00:00,70.0,2025-05-13,22.0
2025-05-14 00:00:00+00:00,73.0,2025-05-14,22.0
2025-05-15 00:00:00+00:00,70.0,2025-05-15,22.0
2025-05-16 00:00:00+00:00,71.0,2025-05-16,22.0
2025-05-17 00:00:00+00:00,74.0,2025-05-17,22.0
2025-05-18 00:00:00+00:00,74.0,2025-05-18,27.0
2025-05-19 00:00:00+00:00,74.0,2025-05-19,27.0
2025-05-20 00:00:00+00:00,71.0,2025-05-20,27.0
2025-05-21 00:00:00+00:00,70.0,2025-05-21,27.0
2025-05-22 00:00:00+00:00,72.0,2025-05-22,27.0
2025-05-23 00:00:00+00:00,78.0,2025-05-23,27.0
2025-05-24 00:00:00+00:00,66.0,2025-05-24,27.0
2025-05-25 00:00:00+00:00,74.0,2025-05-25,22.0
2025-05-26 00:00:00+00:00,73.0,2025-05-26,22.0
2025-05-27 00:00:00+00:00,74.0,2025-05-27,22.0
2025-05-28 00:00:00+00:00,71.0,2025-05-28,22.0
2025-05-29 00:00:00+00:00,74.0,2025-05-29,22.0
2025-05-30 00:00:00+00:00,60.0,2025-05-30,22.0
2025-05-31 00:00:00+00:00,50.0,2025-05-31,22.0
2025-06-01 00:00:00+00:00,56.0,2025-06-01,20.0
2025-06-02 00:00:00+00:00,64.0,2025-06-02,20.0
2025-06-03 00:00:00+00:00,64.0,2025-06-03,20.0
2025-06-04 00:00:00+00:00,62.0,2025-06-04,20.0
2025-06-05 00:00:00+00:00,57.0,2025-06-05,20.0
2025-06-06 00:00:00+00:00,45.0,2025-06-06,20.0
2025-06-07 00:00:00+00:00,52.0,2025-06-07,20.0
2025-06-08 00:00:00+00:00,62.0,2025-06-08,20.0
2025-06-09 00:00:00+00:00,62.0,2025-06-09,20.0
2025-06-10 00:00:00+00:00,71.0,2025-06-10,20.0
2025-06-11 00:00:00+00:00,72.0,2025-06-11,20.0
2025-06-12 00:00:00+00:00,71.0,2025-06-12,20.0
2025-06-13 00:00:00+00:00,61.0,2025-06-13,20.0
2025-06-14 00:00:00+00:00,63.0,2025-06-14,20.0
2025-06-15 00:00:00+00:00,60.0,2025-06-15,18.0
2025-06-16 00:00:00+00:00,61.0,2025-06-16,18.0
2025-06-17 00:00:00+00:00,68.0,2025-06-17,18.0
2025-06-18 00:00:00+00:00,52.0,2025-06-18,18.0
2025-06-19 00:00:00+00:00,57.0,2025-06-19,18.0
2025-06-20 00:00:00+00:00,54.0,2025-06-20,18.0
2025-06-21 00:00:00+00:00,49.0,2025-06-21,18.0
2025-06-22 00:00:00+00:00,42.0,2025-06-22,20.0
2025-06-23 00:00:00+00:00,47.0,2025-06-23,20.0
2025-06-24 00:00:00+00:00,65.0,2025-06-24,20.0
2025-06-25 00:00:00+00:00,66.0,2025-06-25,20.0
2025-06-26 00:00:00+00:00,74.0,2025-06-26,20.0
2025-06-27 00:00:00+00:00,65.0,2025-06-27,20.0
2025-06-28 00:00:00+00:00,65.0,2025-06-28,20.0
2025-06-29 00:00:00+00:00,68.0,2025-06-29,19.0
2025-06-30 00:00:00+00:00,66.0,2025-06-30,19.0
2025-07-01 00:00:00+00:00,64.0,2025-07-01,19.0
2025-07-02 00:00:00+00:00,63.0,2025-07-02,19.0
2025-07-03 00:00:00+00:00,73.0,2025-07-03,19.0
2025-07-04 00:00:00+00:00,73.0,2025-07-04,19.0
2025-07-05 00:00:00+00:00,67.0,2025-07-05,19.0
2025-07-06 00:00:00+00:00,66.0,2025-07-06,25.0
2025-07-07 00:00:00+00:00,73.0,2025-07-07,25.0
2025-07-08 00:00:00+00:00,65.0,2025-07-08,25.0
2025-07-09 00:00:00+00:00,66.0,2025-07-09,25.0
2025-07-10 00:00:00+00:00,71.0,2025-07-10,25.0
2025-07-11 00:00:00+00:00,71.0,2025-07-11,25.0
2025-07-12 00:00:00+00:00,79.0,2025-07-12,25.0
2025-07-13 00:00:00+00:00,74.0,2025-07-13,30.0
2025-07-14 00:00:00+00:00,74.0,2025-07-14,30.0
2025-07-15 00:00:00+00:00,73.0,2025-07-15,30.0
2025-07-16 00:00:00+00:00,70.0,2025-07-16,30.0
2025-07-17 00:00:00+00:00,74.0,2025-07-17,30.0
2025-07-18 00:00:00+00:00,73.0,2025-07-18,30.0
2025-07-19 00:00:00+00:00,74.0,2025-07-19,30.0
2025-07-20 00:00:00+00:00,72.0,2025-07-20,25.0
2025-07-21 00:00:00+00:00,71.0,2025-07-21,25.0
2025-07-22 00:00:00+00:00,72.0,2025-07-22,25.0
2025-07-23 00:00:00+00:00,74.0,2025-07-23,25.0
2025-07-24 00:00:00+00:00,71.0,2025-07-24,25.0
2025-07-25 00:00:00+00:00,70.0,2025-07-25,25.0
2025-07-26 00:00:00+00:00,72.0,2025-07-26,25.0
2025-07-27 00:00:00+00:00,73.0,2025-07-27,26.0
2025-07-28 00:00:00+00:00,75.0,2025-07-28,26.0
2025-07-29 00:00:00+00:00,73.0,2025-07-29,26.0
2025-07-30 00:00:00+00:00,74.0,2025-07-30,26.0
2025-07-31 00:00:00+00:00,72.0,2025-07-31,26.0
2025-08-01 00:00:00+00:00,65.0,2025-08-01,26.0
2025-08-02 00:00:00+00:00,55.0,2025-08-02,26.0
2025-08-03 00:00:00+00:00,53.0,2025-08-03,31.0
2025-08-04 00:00:00+00:00,64.0,2025-08-04,31.0
2025-08-05 00:00:00+00:00,60.0,2025-08-05,31.0
2025-08-06 00:00:00+00:00,54.0,2025-08-06,31.0
2025-08-07 00:00:00+00:00,62.0,2025-08-07,31.0
2025-08-08 00:00:00+00:00,74.0,2025-08-08,31.0
2025-08-09 00:00:00+00:00,67.0,2025-08-09,31.0
2025-08-10 00:00:00+00:00,69.0,2025-08-10,44.0
2025-08-11 00:00:00+00:00,70.0,2025-08-11,44.0
2025-08-12 00:00:00+00:00,68.0,2025-08-12,44.0
2025-08-13 00:00:00+00:00,73.0,2025-08-13,44.0
2025-08-14 00:00:00+00:00,75.0,2025-08-14,44.0
2025-08-15 00:00:00+00:00,60.0,2025-08-15,44.0
2025-08-16 00:00:00+00:00,56.0,2025-08-16,44.0
2025-08-17 00:00:00+00:00,64.0,2025-08-17,39.0
2025-08-18 00:00:00+00:00,60.0,2025-08-18,39.0
2025-08-19 00:00:00+00:00,56.0,2025-08-19,39.0
2025-08-20 00:00:00+00:00,44.0,2025-08-20,39.0
2025-08-21 00:00:00+00:00,50.0,2025-08-21,39.0
2025-08-22 00:00:00+00:00,50.0,2025-08-22,39.0
2025-08-23 00:00:00+00:00,60.0,2025-08-23,39.0
2025-08-24 00:00:00+00:00,53.0,2025-08-24,33.0
2025-08-25 00:00:00+00:00,47.0,2025-08-25,33.0
2025-08-26 00:00:00+00:00,48.0,2025-08-26,33.0
2025-08-27 00:00:00+00:00,51.0,2025-08-27,33.0
2025-08-28 00:00:00+00:00,48.0,2025-08-28,33.0
2025-08-29 00:00:00+00:00,50.0,2025-08-29,33.0
2025-08-30 00:00:00+00:00,39.0,2025-08-30,33.0
2025-08-31 00:00:00+00:00,48.0,2025-08-31,29.0
2025-09-01 00:00:00+00:00,46.0,2025-09-01,29.0
2025-09-02 00:00:00+00:00,49.0,2025-09-02,29.0
2025-09-03 00:00:00+00:00,55.0,2025-09-03,29.0
2025-09-04 00:00:00+00:00,51.0,2025-09-04,29.0
2025-09-05 00:00:00+00:00,48.0,2025-09-05,29.0
2025-09-06 00:00:00+00:00,48.0,2025-09-06,29.0
2025-09-07 00:00:00+00:00,44.0,2025-09-07,27.0
2025-09-08 00:00:00+00:00,51.0,2025-09-08,27.0
2025-09-09 00:00:00+00:00,48.0,2025-09-09,27.0
2025-09-10 00:00:00+00:00,49.0,2025-09-10,27.0
2025-09-11 00:00:00+00:00,54.0,2025-09-11,27.0
2025-09-12 00:00:00+00:00,57.0,2025-09-12,27.0
2025-09-13 00:00:00+00:00,52.0,2025-09-13,27.0
2025-09-14 00:00:00+00:00,55.0,2025-09-14,26.0
2025-09-15 00:00:00+00:00,53.0,2025-09-15,26.0
2025-09-16 00:00:00+00:00,52.0,2025-09-16,26.0
2025-09-17 00:00:00+00:00,53.0,2025-09-17,26.0
2025-09-18 00:00:00+00:00,52.0,2025-09-18,26.0
2025-09-19 00:00:00+00:00,53.0,2025-09-19,26.0
2025-09-20 00:00:00+00:00,48.0,2025-09-20,26.0
2025-09-21 00:00:00+00:00,49.0,2025-09-21,28.0
2025-09-22 00:00:00+00:00,45.0,2025-09-22,28.0
2025-09-23 00:00:00+00:00,43.0,2025-09-23,28.0
2025-09-24 00:00:00+00:00,44.0,2025-09-24,28.0
2025-09-25 00:00:00+00:00,44.0,2025-09-25,28.0
2025-09-26 00:00:00+00:00,28.0,2025-09-26,28.0
2025-09-27 00:00:00+00:00,33.0,2025-09-27,28.0
2025-09-28 00:00:00+00:00,37.0,2025-09-28,29.0
2025-09-29 00:00:00+00:00,50.0,2025-09-29,29.0
2025-09-30 00:00:00+00:00,50.0,2025-09-30,29.0
2025-10-01 00:00:00+00:00,49.0,2025-10-01,29.0
2025-10-02 00:00:00+00:00,64.0,2025-10-02,29.0
2025-10-03 00:00:00+00:00,63.0,2025-10-03,29.0
2025-10-04 00:00:00+00:00,71.0,2025-10-04,29.0
2025-10-05 00:00:00+00:00,74.0,2025-10-05,38.0
2025-10-06 00:00:00+00:00,71.0,2025-10-06,38.0
2025-10-07 00:00:00+00:00,70.0,2025-10-07,38.0
2025-10-08 00:00:00+00:00,60.0,2025-10-08,38.0
2025-10-09 00:00:00+00:00,70.0,2025-10-09,38.0
2025-10-10 00:00:00+00:00,64.0,2025-10-10,38.0
2025-10-11 00:00:00+00:00,27.0,2025-10-11,38.0
2025-10-12 00:00:00+00:00,24.0,2025-10-12,39.0
2025-10-13 00:00:00+00:00,38.0,2025-10-13,39.0
2025-10-14 00:00:00+00:00,38.0,2025-10-14,39.0
2025-10-15 00:00:00+00:00,34.0,2025-10-15,39.0
2025-10-16 00:00:00+00:00,28.0,2025-10-16,39.0
2025-10-17 00:00:00+00:00,22.0,2025-10-17,39.0
2025-10-18 00:00:00+00:00,23.0,2025-10-18,39.0
2025-10-19 00:00:00+00:00,29.0,2025-10-19,30.0
2025-10-20 00:00:00+00:00,29.0,2025-10-20,30.0
2025-10-21 00:00:00+00:00,34.0,2025-10-21,30.0
2025-10-22 00:00:00+00:00,25.0,2025-10-22,30.0
2025-10-23 00:00:00+00:00,27.0,2025-10-23,30.0
2025-10-24 00:00:00+00:00,30.0,2025-10-24,30.0
2025-10-25 00:00:00+00:00,37.0,2025-10-25,30.0
2025-10-26 00:00:00+00:00,40.0,2025-10-26,28.0
2025-10-27 00:00:00+00:00,51.0,2025-10-27,28.0
2025-10-28 00:00:00+00:00,50.0,2025-10-28,28.0
2025-10-29 00:00:00+00:00,51.0,2025-10-29,28.0
2025-10-30 00:00:00+00:00,34.0,2025-10-30,28.0
2025-10-31 00:00:00+00:00,29.0,2025-10-31,28.0
2025-11-01 00:00:00+00:00,33.0,2025-11-01,28.0
2025-11-02 00:00:00+00:00,37.0,2025-11-02,32.0
2025-11-03 00:00:00+00:00,42.0,2025-11-03,32.0
2025-11-04 00:00:00+00:00,21.0,2025-11-04,32.0
2025-11-05 00:00:00+00:00,23.0,2025-11-05,32.0
2025-11-06 00:00:00+00:00,27.0,2025-11-06,32.0
2025-11-07 00:00:00+00:00,24.0,2025-11-07,32.0
2025-11-08 00:00:00+00:00,20.0,2025-11-08,32.0
2025-11-09 00:00:00+00:00,22.0,2025-11-09,32.0
2025-11-10 00:00:00+00:00,29.0,2025-11-10,32.0
2025-11-11 00:00:00+00:00,26.0,2025-11-11,32.0
2025-11-12 00:00:00+00:00,24.0,2025-11-12,32.0
2025-11-13 00:00:00+00:00,15.0,2025-11-13,32.0
2025-11-14 00:00:00+00:00,16.0,2025-11-14,32.0
2025-11-15 00:00:00+00:00,10.0,2025-11-15,32.0
2025-11-16 00:00:00+00:00,10.0,2025-11-16,53.0
2025-11-17 00:00:00+00:00,14.0,2025-11-17,53.0
2025-11-18 00:00:00+00:00,11.0,2025-11-18,53.0
2025-11-19 00:00:00+00:00,15.0,2025-11-19,53.0
2025-11-20 00:00:00+00:00,11.0,2025-11-20,53.0
2025-11-21 00:00:00+00:00,14.0,2025-11-21,53.0
2025-11-22 00:00:00+00:00,11.0,2025-11-22,53.0
2025-11-23 00:00:00+00:00,13.0,2025-11-23,39.0
2025-11-24 00:00:00+00:00,19.0,2025-11-24,39.0
2025-11-25 00:00:00+00:00,20.0,2025-11-25,39.0
2025-11-26 00:00:00+00:00,15.0,2025-11-26,39.0
2025-11-27 00:00:00+00:00,22.0,2025-11-27,39.0
2025-11-28 00:00:00+00:00,25.0,2025-11-28,39.0
2025-11-29 00:00:00+00:00,28.0,2025-11-29,39.0
2025-11-30 00:00:00+00:00,28.0,2025-11-30,39.0
2025-12-01 00:00:00+00:00,24.0,2025-12-01,39.0
2025-12-02 00:00:00+00:00,23.0,2025-12-02,39.0
2025-12-03 00:00:00+00:00,28.0,2025-12-03,39.0
2025-12-04 00:00:00+00:00,26.0,2025-12-04,39.0
2025-12-05 00:00:00+00:00,28.0,2025-12-05,39.0
2025-12-06 00:00:00+00:00,23.0,2025-12-06,39.0
2025-12-07 00:00:00+00:00,20.0,2025-12-07,30.0
2025-12-08 00:00:00+00:00,20.0,2025-12-08,30.0
2025-12-09 00:00:00+00:00,22.0,2025-12-09,30.0
2025-12-10 00:00:00+00:00,26.0,2025-12-10,30.0
2025-12-11 00:00:00+00:00,29.0,2025-12-11,30.0
2025-12-12 00:00:00+00:00,29.0,2025-12-12,30.0
2025-12-13 00:00:00+00:00,23.0,2025-12-13,30.0
2025-12-14 00:00:00+00:00,21.0,2025-12-14,29.0
2025-12-15 00:00:00+00:00,16.0,2025-12-15,29.0
2025-12-16 00:00:00+00:00,11.0,2025-12-16,29.0
2025-12-17 00:00:00+00:00,16.0,2025-12-17,29.0
2025-12-18 00:00:00+00:00,17.0,2025-12-18,29.0
2025-12-19 00:00:00+00:00,16.0,2025-12-19,29.0
2025-12-20 00:00:00+00:00,20.0,2025-12-20,29.0
2025-12-21 00:00:00+00:00,20.0,2025-12-21,24.0
2025-12-22 00:00:00+00:00,25.0,2025-12-22,24.0
2025-12-23 00:00:00+00:00,24.0,2025-12-23,24.0
2025-12-24 00:00:00+00:00,24.0,2025-12-24,24.0
2025-12-25 00:00:00+00:00,23.0,2025-12-25,24.0
2025-12-26 00:00:00+00:00,20.0,2025-12-26,24.0
2025-12-27 00:00:00+00:00,23.0,2025-12-27,24.0
2025-12-28 00:00:00+00:00,24.0,2025-12-28,23.0
2025-12-29 00:00:00+00:00,24.0,2025-12-29,23.0
2025-12-30 00:00:00+00:00,23.0,2025-12-30,23.0
2025-12-31 00:00:00+00:00,21.0,2025-12-31,23.0
2026-01-01 00:00:00+00:00,20.0,2026-01-01,23.0
2026-01-02 00:00:00+00:00,28.0,2026-01-02,23.0
2026-01-03 00:00:00+00:00,29.0,2026-01-03,23.0
2026-01-04 00:00:00+00:00,25.0,2026-01-04,24.0
2026-01-05 00:00:00+00:00,26.0,2026-01-05,24.0
2026-01-06 00:00:00+00:00,44.0,2026-01-06,24.0
2026-01-07 00:00:00+00:00,42.0,2026-01-07,24.0
2026-01-08 00:00:00+00:00,28.0,2026-01-08,24.0
2026-01-09 00:00:00+00:00,27.0,2026-01-09,24.0
2026-01-10 00:00:00+00:00,25.0,2026-01-10,24.0
2026-01-11 00:00:00+00:00,29.0,2026-01-11,23.0
2026-01-12 00:00:00+00:00,27.0,2026-01-12,23.0
2026-01-13 00:00:00+00:00,26.0,2026-01-13,23.0
2026-01-14 00:00:00+00:00,48.0,2026-01-14,23.0
2026-01-15 00:00:00+00:00,61.0,2026-01-15,23.0
2026-01-16 00:00:00+00:00,49.0,2026-01-16,23.0
2026-01-17 00:00:00+00:00,50.0,2026-01-17,23.0
2026-01-18 00:00:00+00:00,49.0,2026-01-18,23.0
2026-01-19 00:00:00+00:00,44.0,2026-01-19,23.0
2026-01-20 00:00:00+00:00,32.0,2026-01-20,23.0
2026-01-21 00:00:00+00:00,24.0,2026-01-21,23.0
2026-01-22 00:00:00+00:00,20.0,2026-01-22,23.0
2026-01-23 00:00:00+00:00,24.0,2026-01-23,23.0
2026-01-24 00:00:00+00:00,25.0,2026-01-24,23.0
2026-01-25 00:00:00+00:00,25.0,2026-01-25,28.0
2026-01-26 00:00:00+00:00,20.0,2026-01-26,28.0
2026-01-27 00:00:00+00:00,29.0,2026-01-27,28.0
2026-01-28 00:00:00+00:00,29.0,2026-01-28,28.0
2026-01-29 00:00:00+00:00,26.0,2026-01-29,28.0
2026-01-30 00:00:00+00:00,16.0,2026-01-30,28.0
2026-01-31 00:00:00+00:00,20.0,2026-01-31,28.0
2026-02-01 00:00:00+00:00,14.0,2026-02-01,63.0
2026-02-02 00:00:00+00:00,14.0,2026-02-02,63.0
2026-02-03 00:00:00+00:00,17.0,2026-02-03,63.0
2026-02-04 00:00:00+00:00,14.0,2026-02-04,63.0
2026-02-05 00:00:00+00:00,12.0,2026-02-05,63.0
2026-02-06 00:00:00+00:00,9.0,2026-02-06,63.0
2026-02-07 00:00:00+00:00,6.0,2026-02-07,63.0
2026-02-08 00:00:00+00:00,7.0,2026-02-08,38.0
2026-02-09 00:00:00+00:00,14.0,2026-02-09,38.0
2026-02-10 00:00:00+00:00,9.0,2026-02-10,38.0
2026-02-11 00:00:00+00:00,11.0,2026-02-11,38.0
2026-02-12 00:00:00+00:00,5.0,2026-02-12,38.0
2026-02-13 00:00:00+00:00,9.0,2026-02-13,38.0
2026-02-14 00:00:00+00:00,9.0,2026-02-14,38.0
2026-02-15 00:00:00+00:00,8.0,2026-02-15,26.0
2026-02-16 00:00:00+00:00,12.0,2026-02-16,26.0
2026-02-17 00:00:00+00:00,10.0,2026-02-17,26.0
2026-02-18 00:00:00+00:00,8.0,2026-02-18,26.0
2026-02-19 00:00:00+00:00,9.0,2026-02-19,26.0
2026-02-20 00:00:00+00:00,7.0,2026-02-20,26.0
2026-02-21 00:00:00+00:00,8.0,2026-02-21,26.0
